Date,Episode,Total_Reward,Total_Loss
2024-12-03,1,-421.81967255716603,45.18789261604016
2024-12-03,2,-438.60142122383013,86.72633639446059
2024-12-03,3,-451.9325237477115,102.25823565252307
2024-12-03,4,-522.9739233275361,166.64898885621787
2024-12-03,5,-463.0280239866091,85.33159069456542
2024-12-03,6,-430.52178712337786,61.934474701707856
2024-12-03,7,-423.84789202915397,52.09900033333555
2024-12-03,8,-436.8606620610566,81.78214997437699
2024-12-03,9,-445.506309249481,80.26555312869696
2024-12-03,10,-443.3915712255057,96.3542743449811
2024-12-03,11,-446.7734397314659,92.31314149971134
2024-12-03,12,-450.3257314396242,97.93124998458819
2024-12-03,13,-439.0433178948948,62.203736045451016
2024-12-03,14,-413.2796802739074,43.94195162924143
2024-12-03,15,-425.13876184458,67.78936731120908
2024-12-03,16,-424.2080757571946,69.86721883392437
2024-12-03,17,-413.6965062683608,67.25197414164317
2024-12-03,18,-416.31103139679834,59.581646441053195
2024-12-03,19,-414.5676017770025,57.106652498379866
2024-12-03,20,-373.90971294166087,29.08581197448634
2024-12-03,21,-370.7241807404794,28.68495870814701
2024-12-03,22,-428.50131553029104,63.17694785263042
2024-12-03,23,-420.1379739612572,66.48907422600278
2024-12-03,24,-413.78717954582817,52.792928309828135
2024-12-03,25,-414.64564996821196,59.202570629802715
2024-12-03,26,-414.52897115525553,65.00505836825764
2024-12-03,27,-410.7143631686038,40.98582134772887
2024-12-03,28,-382.7034750920668,36.32678783498325
2024-12-03,29,-423.1602335370252,59.14643392905216
2024-12-03,30,-441.7980114591861,86.59768030575283
2024-12-03,31,-423.6995281997863,66.69225193026504
2024-12-03,32,-433.2446698725769,73.67312221796942
2024-12-03,33,-424.6796257889423,70.29885232669417
2024-12-03,34,-411.42542191387724,40.69710442481068
2024-12-03,35,-370.8821981381894,32.6944839142171
2024-12-03,36,-425.3573608538784,58.29666937604938
2024-12-03,37,-429.9684002521052,68.29483862078702
2024-12-03,38,-436.0808578976275,79.17219461662339
2024-12-03,39,-428.99724701483836,77.51476537804805
2024-12-03,40,-428.3622508311116,74.02486113669276
2024-12-03,41,-389.83651623511895,35.51837397080525
2024-12-03,42,-386.315643234956,31.689437229267202
2024-12-03,43,-421.2955324848739,57.45467630700516
2024-12-03,44,-417.2243290499297,57.59210425236423
2024-12-03,45,-415.7517664908676,60.22319109935689
2024-12-03,46,-410.7946222006556,53.211878090412085
2024-12-03,47,-418.0345957646495,51.43365115273663
2024-12-03,48,-378.01218467011415,26.216509974539463
2024-12-03,49,-360.5637152009574,20.529349180751225
2024-12-03,50,-413.64912690500887,47.54502334395732
2024-12-03,51,-411.8480725768035,51.826493486572346
2024-12-03,52,-415.3330577733129,59.83174730636744
2024-12-03,53,-417.52545007341695,60.5259186885882
2024-12-03,54,-403.8870704869734,45.48362840241728
2024-12-03,55,-411.09624352721653,44.23329102209375
2024-12-03,56,-374.9233376117781,30.291424970069002
2024-12-03,57,-416.004081836131,50.376774678583004
2024-12-03,58,-416.2688076472064,52.394783870786895
2024-12-03,59,-422.66033686736375,55.83261394987027
2024-12-03,60,-422.2570017257384,60.35166013177792
2024-12-03,61,-422.1104070151727,61.87225268858183
2024-12-03,62,-414.1691506452311,44.18220622870386
2024-12-03,63,-372.161407917028,29.45036231810699
2024-12-03,64,-413.5938977855338,51.62952517917595
2024-12-03,65,-417.79292134316097,60.72059635598652
2024-12-03,66,-424.10036954245044,66.51023181733188
2024-12-03,67,-419.2949175360228,63.84135523717161
2024-12-03,68,-430.1269706503033,74.51894790987636
2024-12-03,69,-425.19996924480387,46.65148280510041
2024-12-03,70,-384.4634028939717,34.83230243985583
2024-12-03,71,-417.14326441477624,61.61676895704039
2024-12-03,72,-422.20346053691026,61.25400552722754
2024-12-03,73,-427.4194789846011,62.9650529113909
2024-12-03,74,-417.61679374197416,58.174657566518164
2024-12-03,75,-411.1726352596689,51.58590759709103
2024-12-03,76,-401.63828293790493,28.881634566437697
2024-12-03,77,-400.0603751923624,27.220845505287794
2024-12-03,78,-407.2840737373104,47.41319660370391
2024-12-03,79,-414.6437723725465,61.81739618501926
2024-12-03,80,-423.4736076805582,66.12095451368538
2024-12-03,81,-428.1325537513776,68.20594837999136
2024-12-03,82,-428.6984204872108,68.00953427614968
2024-12-03,83,-394.8507314629647,42.05409694701699
2024-12-03,84,-369.5910765374643,27.379677735237124
2024-12-03,85,-413.849500029101,47.14914653420504
2024-12-03,86,-412.71064855735034,57.98568197576085
2024-12-03,87,-427.7427124762533,67.88793736239539
2024-12-03,88,-429.2452422655806,64.98861356827011
2024-12-03,89,-420.30647004871344,62.255029893658005
2024-12-03,90,-366.3554315897139,25.9312582049622
2024-12-03,91,-360.3345617422121,23.935206278246977
2024-12-03,92,-416.2578550663961,48.789769256789825
2024-12-03,93,-406.99072637573124,45.11259802458421
2024-12-03,94,-418.12233745268446,60.475801861120786
2024-12-03,95,-415.3980163702882,59.65524843514461
2024-12-03,96,-424.6300027678449,66.74945016562783
2024-12-03,97,-387.86323511836775,28.262405041851693
2024-12-03,98,-364.9469508394575,21.176714278273018
2024-12-03,99,-405.7806008059433,40.35701095902594
2024-12-03,100,-412.757029125935,54.18714774241677
2024-12-03,101,-406.0201209489966,48.659795083900796
2024-12-03,102,-410.19415707902203,51.574545646988305
2024-12-03,103,-406.4351034194975,48.883153335191864
2024-12-03,104,-394.33971098626154,31.446639209174517
2024-12-03,105,-377.51365374697286,16.542409597062488
2024-12-03,106,-398.9091438905218,38.2040861525357
2024-12-03,107,-406.36006630687984,49.77632883201316
2024-12-03,108,-411.2268337508596,54.33860329601954
2024-12-03,109,-411.7931352755541,53.84121257599479
2024-12-03,110,-406.77453396489375,47.48058534948551
2024-12-03,111,-391.3153741816568,27.388039982457574
2024-12-03,112,-375.4866391209539,17.910444075067918
2024-12-03,113,-406.18057597133276,43.79110804369468
2024-12-03,114,-410.22331022255935,53.40435036666216
2024-12-03,115,-407.6037764275995,49.693947917454835
2024-12-03,116,-416.6494778858448,57.250627039957664
2024-12-03,117,-416.9030703857614,57.00759626207405
2024-12-03,118,-391.2412978797707,28.618425923543008
2024-12-03,119,-357.4912452125142,20.56774846313133
2024-12-03,120,-412.2252754961537,45.036854926378155
2024-12-03,121,-407.3155100149818,49.42379233095865
2024-12-03,122,-406.38771967121295,54.23877409493185
2024-12-03,123,-408.1765378186141,51.23908112140442
2024-12-03,124,-405.75213490080756,48.534171263620394
2024-12-03,125,-389.39055244332826,26.665392203995054
2024-12-03,126,-379.39294199905765,17.657134260711235
2024-12-03,127,-400.67487934778757,42.99080488806896
2024-12-03,128,-408.24667679765236,51.148674099907566
2024-12-03,129,-413.08435579057124,56.038522701950114
2024-12-03,130,-410.1545204415983,53.738116015933095
2024-12-03,131,-415.55261552806513,54.854151286562825
2024-12-03,132,-397.88161369376394,31.89267507902483
2024-12-03,133,-405.23964663299085,31.699381269862453
2024-12-03,134,-419.1003849711998,55.76369225038351
2024-12-03,135,-444.12095795331174,79.30370704164568
2024-12-03,136,-417.3830574648137,61.93655381894437
2024-12-03,137,-406.3435045138477,53.956102389174795
2024-12-03,138,-413.08361645071426,56.421447463306045
2024-12-03,139,-384.28119845634734,24.624791526225835
2024-12-03,140,-372.6969665162286,18.67921700042073
2024-12-03,141,-410.2357825324687,44.01217315135516
2024-12-03,142,-410.8436976966474,53.653597567694526
2024-12-03,143,-411.65100390982724,53.73029669388793
2024-12-03,144,-416.5195814949161,55.607373286359476
2024-12-03,145,-417.87614134517816,58.37302700315372
2024-12-03,146,-393.4475473320999,25.386580068305523
2024-12-03,147,-372.3909277504163,22.28556218219224
2024-12-03,148,-377.6782021879822,17.24235458583829
2024-12-03,149,-404.9889127032633,42.55209751847892
2024-12-03,150,-415.59156176297535,55.26644997692036
2024-12-03,151,-421.8673302838306,67.93822326947023
2024-12-03,152,-431.72045627560476,77.10241641091125
2024-12-03,153,-412.071140714845,44.9833586756533
2024-12-03,154,-369.11261730992703,31.14952526009144
2024-12-03,155,-446.71475909585774,73.94117885435855
2024-12-03,156,-430.6671052476687,74.84281507539565
2024-12-03,157,-431.5621520592843,73.44105147982538
2024-12-03,158,-445.9606307398412,88.13741055884442
2024-12-03,159,-447.48498914064714,81.75474635490708
2024-12-03,160,-419.7851914859649,48.46756508521545
2024-12-03,161,-397.2038363069561,35.94126345841785
2024-12-03,162,-443.2785997100106,77.64271160765328
2024-12-03,163,-489.92234708603485,122.13830247588804
2024-12-03,164,-455.0811410395723,86.37592534905819
2024-12-03,165,-449.5581929640106,86.28089747661457
2024-12-03,166,-453.7336822668203,91.59829597123377
2024-12-03,167,-415.9038222750588,39.039568023025566
2024-12-03,168,-383.55214072211567,25.130089938198882
2024-12-03,169,-416.9953332816898,55.09737325648419
2024-12-03,170,-422.73711795203917,64.21528622982538
2024-12-03,171,-434.9535552323416,73.57322454310652
2024-12-03,172,-438.7046089130319,77.59023346502303
2024-12-03,173,-418.6078340653768,57.86469116454836
2024-12-03,174,-395.25861251082955,29.597491439631522
2024-12-03,175,-370.2540203881757,22.47273907907191
2024-12-03,176,-414.8421116491618,54.316270446305325
2024-12-03,177,-426.1710735643735,64.91216360902789
2024-12-03,178,-461.98184725542836,93.89281128323874
2024-12-03,179,-462.24508016956037,99.71418810199057
2024-12-03,180,-457.64673033883673,94.61112166295575
2024-12-03,181,-379.05698672729346,38.796724531995665
2024-12-03,182,-363.26463217146164,26.50906168071779
2024-12-03,183,-429.36520036480914,60.26177981279182
2024-12-03,184,-395.83940150575353,34.35865555629389
2024-12-03,185,-471.28425103317073,101.05326389218602
2024-12-03,186,-494.8195660608533,127.23513018901426
2024-12-03,187,-477.29877226727035,113.17140229644876
2024-12-03,188,-415.0288560416199,44.12043578505744
2024-12-03,189,-387.16011000736256,35.12037028125611
2024-12-03,190,-444.32309304372853,76.97015004704154
2024-12-03,191,-473.8975467851015,103.54923091706657
2024-12-03,192,-490.5125308862029,122.367381835856
2024-12-03,193,-446.88135968426917,85.4785855271702
2024-12-03,194,-446.20943014123435,79.85349421533647
2024-12-03,195,-426.73220352398386,55.88331203511249
2024-12-03,196,-379.2117956719799,38.15745355898637
2024-12-03,197,-489.97242323560835,115.9593145157456
2024-12-03,198,-510.84895919174556,142.66243183012008
2024-12-03,199,-495.69853490561536,131.41627908627265
2024-12-03,200,-509.092395820836,141.62167787192402
2024-12-03,201,-465.95552428410156,98.52254770837926
2024-12-03,202,-401.3028378050442,49.433987511002734
2024-12-03,203,-404.4756140081108,40.7067881303729
2024-12-03,204,-499.08281098670994,141.14878732339952
2024-12-03,205,-461.258805424547,96.94289851514824
2024-12-03,206,-462.7500207915451,93.55307749520946
2024-12-03,207,-466.7876191432203,101.03908385697189
2024-12-03,208,-462.818660712054,94.90052620669174
2024-12-03,209,-409.4273893724039,46.653320542455745
2024-12-03,210,-376.9853410275769,34.52365990284229
2024-12-03,211,-458.9120578455578,91.31465370072165
2024-12-03,212,-469.25930204590765,107.90074065929876
2024-12-03,213,-458.9991833962255,96.33088307000327
2024-12-03,214,-421.52706025395594,65.27075729841876
2024-12-03,215,-422.6882740504768,62.13747743100279
2024-12-03,216,-405.80807978290557,31.449626402665956
2024-12-03,217,-385.0392352965186,21.864586214347447
2024-12-03,218,-424.0659144526531,59.08539358523266
2024-12-03,219,-430.6816800702081,71.92967552582971
2024-12-03,220,-429.35830939029034,74.02574673143116
2024-12-03,221,-440.91831912923794,79.13682947307929
2024-12-03,222,-423.9955078205805,67.94452002600731
2024-12-03,223,-401.02525333062783,32.519220149805804
2024-12-03,224,-383.5943309117445,22.313651196940334
2024-12-03,225,-422.2535053950096,60.64011425732854
2024-12-03,226,-425.7504294025735,61.6356421244449
2024-12-03,227,-447.84220938672826,84.46819063570163
2024-12-03,228,-442.9836904231988,78.96704335348653
2024-12-03,229,-439.9488755051909,77.94246057804258
2024-12-03,230,-417.21063955559896,44.86436738277752
2024-12-03,231,-385.98493596196784,34.16870304017451
2024-12-03,232,-435.6265335885798,69.418797131885
2024-12-03,233,-430.77412095096867,70.95185264926927
2024-12-03,234,-434.27936519434945,73.71802066491142
2024-12-03,235,-426.46177031433695,67.29575879078477
2024-12-03,236,-421.9421979623787,61.206185724395205
2024-12-03,237,-397.6501071387829,25.439384823307382
2024-12-03,238,-379.0752290046328,23.79907224605705
2024-12-03,239,-413.8148312979291,54.49260905379501
2024-12-03,240,-418.69318288836644,61.43976050541184
2024-12-03,241,-435.84763292888783,77.44888135277284
2024-12-03,242,-421.7974538891187,64.68163736806342
2024-12-03,243,-416.7911073316062,57.26217113765429
2024-12-03,244,-396.06336433053593,25.964982840837678
2024-12-03,245,-376.5654553444565,26.625844220915862
2024-12-03,246,-395.78245009723366,25.026670516491357
2024-12-03,247,-403.16919660608806,45.394543807560964
2024-12-03,248,-410.14137909986704,58.080675387953434
2024-12-03,249,-424.98481018181775,66.45780985362488
2024-12-03,250,-432.6292102966347,70.3901966700001
2024-12-03,251,-405.7124903797198,35.442063447413766
2024-12-03,252,-394.22624643669695,25.465976558691818
2024-12-03,253,-416.68027107348735,60.787180581666895
2024-12-03,254,-468.5857369893474,101.85023986448257
2024-12-03,255,-466.4826173619219,101.50545310067146
2024-12-03,256,-477.6897757044641,112.05519905222864
2024-12-03,257,-466.12120978078417,99.23238117481324
2024-12-03,258,-409.6799833690968,47.14703128794986
2024-12-03,259,-383.15070651522313,23.279656690260094
2024-12-03,260,-413.3148867115196,56.63519641292798
2024-12-03,261,-449.0819341688632,83.88086479955092
2024-12-03,262,-442.5809335343107,82.16706842876482
2024-12-03,263,-465.03215651831846,99.05042444196386
2024-12-03,264,-496.1608724692936,129.1260658705553
2024-12-03,265,-425.5402341214955,60.65270703790331
2024-12-03,266,-389.55804669783834,35.227532807033704
2024-12-03,267,-415.38189287001796,59.5932416030881
2024-12-03,268,-412.08391680596213,60.2105289572005
2024-12-03,269,-418.96255052254253,64.09233578415596
2024-12-03,270,-422.88739620384894,68.44954303436393
2024-12-03,271,-418.14508957228713,60.48824144064981
2024-12-03,272,-399.4620456717698,27.580366135131218
2024-12-03,273,-384.0346510024111,20.020681474375014
2024-12-03,274,-412.37115063908334,54.93750638427275
2024-12-03,275,-420.9245846023696,64.02889987061675
2024-12-03,276,-417.82859180689894,59.818084613367695
2024-12-03,277,-413.06393083351077,58.683101613245796
2024-12-03,278,-419.61703649678486,63.87046047296012
2024-12-03,279,-395.32568351534553,30.326589398668084
2024-12-03,280,-385.45926889139014,21.063410484739293
2024-12-03,281,-404.9866368017097,42.435745346084346
2024-12-03,282,-414.33770139041354,57.54139986534766
2024-12-03,283,-415.3892014216061,59.074332577446256
2024-12-03,284,-417.48584067942966,60.083198181122846
2024-12-03,285,-406.91322983353194,48.879701569117564
2024-12-03,286,-379.11293440275574,29.427967216955864
2024-12-03,287,-369.375845536589,23.093295523806365
2024-12-03,288,-413.4688212154572,48.9436354016611
2024-12-03,289,-410.63694730922987,54.50788566766586
2024-12-03,290,-407.9691996311119,54.894625568917846
2024-12-03,291,-412.36568281503537,53.79612189091065
2024-12-03,292,-413.08434490301664,53.66654160848667
2024-12-03,293,-392.3214435643098,33.650247803194716
2024-12-03,294,-359.6233982106014,23.089452372952397
2024-12-03,295,-417.5601733605279,49.75562298957543
2024-12-03,296,-416.97915391728407,59.99714649714342
2024-12-03,297,-421.402045853351,61.885203567348675
2024-12-03,298,-415.5020170786336,55.984901638726235
2024-12-03,299,-417.3807152118201,59.101429923954015
2024-12-03,300,-398.1769984687065,33.90329400876322
2024-12-03,301,-359.95733800583224,22.156965356876096
2024-12-03,302,-424.21793363152443,55.198277700789625
2024-12-03,303,-416.3473004397238,59.96647177465696
2024-12-03,304,-421.23559078580524,64.47663198714454
2024-12-03,305,-419.7029832148363,61.65844383864717
2024-12-03,306,-422.5712982018273,61.49228800494169
2024-12-03,307,-394.47411374999,34.14152124862079
2024-12-03,308,-362.86561674612045,26.59628325994191
2024-12-03,309,-423.3983674086059,51.865077997567575
2024-12-03,310,-418.0468828829689,58.3064522767585
2024-12-03,311,-419.4159411775606,60.64705967903821
2024-12-03,312,-421.98827997207803,64.56280112786783
2024-12-03,313,-420.8515206645011,61.123084950663525
2024-12-03,314,-392.864671070837,37.353806172041885
2024-12-03,315,-363.90285495504816,27.40631009383893
2024-12-03,316,-418.569197268106,51.507030668324305
2024-12-03,317,-414.05256905070564,57.311623772333306
2024-12-03,318,-416.73722697990473,60.48523135714303
2024-12-03,319,-420.20078832901146,64.09894673165955
2024-12-03,320,-415.4313328457401,58.095897008075276
2024-12-03,321,-390.3107174518248,37.07561195855451
2024-12-03,322,-369.22260123637113,26.164908634690732
2024-12-03,323,-409.7241295891266,44.68733114668426
2024-12-03,324,-414.67211440172355,59.743496556881304
2024-12-03,325,-410.7169334805021,55.22288516012818
2024-12-03,326,-359.3382784812402,21.95962124125174
2024-12-03,327,-377.2941970202622,30.370474431409924
2024-12-03,328,-388.3847284965859,30.787675099312118
2024-12-03,329,-361.4460458390548,23.90817339463592
2024-12-03,330,-422.73010593205873,56.65546812166349
2024-12-03,331,-420.5197314265052,59.7936752175889
2024-12-03,332,-426.92778497087136,65.67328062623527
2024-12-03,333,-419.1781283468832,58.7733931117641
2024-12-03,334,-416.3553573945138,57.04533706475237
2024-12-03,335,-383.60440172597987,35.52086513782298
2024-12-03,336,-364.4233270518417,23.518969350234983
2024-12-03,337,-415.65026111625235,53.18275280753024
2024-12-03,338,-436.5042862611331,74.98066628474864
2024-12-03,339,-439.17146412243414,78.20099269385173
2024-12-03,340,-434.15642269372165,77.60986916532394
2024-12-03,341,-428.8964483692411,69.82574116635395
2024-12-03,342,-394.1150323233549,38.40177742475131
2024-12-03,343,-374.51578493812906,28.176537085935607
2024-12-03,344,-436.16289275076167,65.20372389816492
2024-12-03,345,-429.0040101953478,69.68649448800382
2024-12-03,346,-443.8588006198562,87.84167751911261
2024-12-03,347,-437.1157456010157,78.85856901900185
2024-12-03,348,-439.1537066178481,79.95774480397496
2024-12-03,349,-396.404565624038,41.66020555535358
2024-12-03,350,-385.7199302533043,34.85064914960116
2024-12-03,351,-429.32533267640906,65.24978299194557
2024-12-03,352,-435.358932447379,77.22803709809558
2024-12-03,353,-438.13300869118865,79.79567777192526
2024-12-03,354,-442.99863507608967,83.47397891334866
2024-12-03,355,-430.4862971101991,72.13297494675795
2024-12-03,356,-428.37518840404624,48.40384722344283
2024-12-03,357,-412.5963556130961,37.52768992068382
2024-12-03,358,-418.3781919192146,43.23528868135814
2024-12-03,359,-445.70068121473076,72.09464580396822
2024-12-03,360,-459.52875924698395,103.27005100412555
2024-12-03,361,-454.7466322126447,105.25705522771825
2024-12-03,362,-459.1361866623397,103.04985864415245
2024-12-03,363,-429.90204015258405,72.26098152332872
2024-12-03,364,-426.81557064730134,67.560097805902
2024-12-03,365,-356.14069737571884,16.68165264581664
2024-12-03,366,-359.37844595381364,17.080977001095018
2024-12-03,367,-357.21407784328755,16.22129051039468
2024-12-03,368,-354.8321085228878,16.29993011512024
2024-12-03,369,-354.8101523908268,18.14486815839273
2024-12-03,370,-355.8508434955638,16.585634916644
2024-12-03,371,-353.1405804736741,16.645549481714333
2024-12-03,372,-360.47992253996586,17.11944601259942
2024-12-03,373,-356.04624018211723,16.477532072787202
2024-12-03,374,-361.32382697985736,17.564654257724705
2024-12-03,375,-355.2713614385275,15.176176389781606
2024-12-03,376,-356.2755076575711,16.992323831871204
2024-12-03,377,-353.5411423892719,16.202038154792103
2024-12-03,378,-357.463584487732,17.35967614145108
2024-12-03,379,-354.6501194768854,16.179988652133506
2024-12-03,380,-360.12287515638525,15.258925962603028
2024-12-03,381,-376.20807091061755,17.30883517748472
2024-12-03,382,-356.0848861923596,15.375932982452214
2024-12-03,383,-362.697653656597,15.36516789706396
2024-12-03,384,-351.0781423949991,13.589131571055539
2024-12-03,385,-350.81712268674335,12.798315739614596
2024-12-03,386,-361.98461969600004,15.25844651478927
2024-12-03,387,-359.2664309039484,15.30830639104619
2024-12-03,388,-358.58045088590336,18.576206601852373
2024-12-03,389,-357.517223091565,15.75643674474662
2024-12-03,390,-354.135709261314,15.29415806891375
2024-12-03,391,-354.48500325205345,16.96240270577826
2024-12-03,392,-351.46972968825054,14.046801286291611
2024-12-03,393,-352.7382521901316,14.641331206109056
2024-12-03,394,-356.9316775969303,14.819540759260075
2024-12-03,395,-352.3743101535935,14.581461456860875
2024-12-03,396,-350.52226672667547,12.870066519937215
2024-12-03,397,-357.68140759776054,16.494314856982555
2024-12-03,398,-353.60296797009494,14.963658271376952
2024-12-03,399,-371.27839008086465,17.709659705320824
2024-12-03,400,-368.89166819973354,16.138008817709142
2024-12-03,401,-349.58662927128466,12.51690351958965
2024-12-03,402,-355.90762894362734,15.114298938421975
2024-12-03,403,-355.66689135741063,14.596398507769926
2024-12-03,404,-354.42433563451306,16.085030735468784
2024-12-03,405,-363.7341445658565,15.930112919339114
2024-12-03,406,-354.2574381322815,16.003765446227714
2024-12-03,407,-363.577410248602,15.654528211045747
2024-12-03,408,-355.8668077041016,14.214581427664438
2024-12-03,409,-355.784924455863,14.787285221478673
2024-12-03,410,-353.83386992425903,14.749430258997563
2024-12-03,411,-355.7759428741796,13.884523883274435
2024-12-03,412,-373.06146601622993,16.121901391988796
2024-12-03,413,-367.18551330233305,14.246776216614542
2024-12-03,414,-366.1842652089273,12.686180104611301
2024-12-03,415,-353.57311202217716,14.26726855611249
2024-12-03,416,-354.1808582264937,14.378267890303476
2024-12-03,417,-364.8555161660086,14.89406730095957
2024-12-03,418,-360.99288331054277,14.956822054792763
2024-12-03,419,-353.88527952772796,15.898536271658754
2024-12-03,420,-351.6205323815758,14.715189402448194
2024-12-03,421,-353.429659996482,12.464309697231155
2024-12-03,422,-354.2378514983724,12.721873249973859
2024-12-03,423,-370.2812885254969,15.892746966485712
2024-12-03,424,-352.90520773817,14.905414884180473
2024-12-03,425,-360.399060126087,14.051432907791735
2024-12-03,426,-351.1784661093691,14.898747504862238
2024-12-03,427,-352.98629594825786,13.824965842597933
2024-12-03,428,-361.9712572157704,13.788002410256409
2024-12-03,429,-351.9802475401379,11.007966890454593
2024-12-03,430,-354.2514224180121,14.474251319654451
2024-12-03,431,-360.7065853091077,14.682341359944742
2024-12-03,432,-355.27098158365885,13.480826043522141
2024-12-03,433,-353.31001723868593,15.386308055266936
2024-12-03,434,-363.66905819742294,15.462951473567207
2024-12-03,435,-353.1199722459021,14.192021368498809
2024-12-03,436,-366.4753572548037,14.318589983343607
2024-12-03,437,-370.04340714718273,13.407161543479843
2024-12-03,438,-362.40864770123017,16.732034902799064
2024-12-03,439,-371.7150322294232,13.619586930072645
2024-12-03,440,-366.26125551703586,14.164595678012907
2024-12-03,441,-377.5533243305108,15.911972561576349
2024-12-03,442,-361.1476030871141,14.426978140644408
2024-12-03,443,-366.9574100298029,11.92288223858657
2024-12-03,444,-358.63690916397934,13.161982884236744
2024-12-03,445,-370.9378344226988,15.753854807592115
2024-12-03,446,-377.89413345659074,16.30154870991392
2024-12-03,447,-358.58743575444316,14.433904371336798
2024-12-03,448,-378.5381801878166,16.319599811893355
2024-12-03,449,-379.20355835012725,16.962081755042764
2024-12-03,450,-349.0063066917231,11.144325911551457
2024-12-03,451,-371.67618903204135,14.036641352586683
2024-12-03,452,-359.5938253537039,13.774848809788313
2024-12-03,453,-362.8249158975812,15.517705369952553
2024-12-03,454,-367.11455298216435,13.333221958081493
2024-12-03,455,-374.85759578034015,12.947983811664363
2024-12-03,456,-368.89381236689144,13.121342974684726
2024-12-03,457,-355.5346680089837,11.317288353434307
2024-12-03,458,-357.1452337267337,13.228594905270388
2024-12-03,459,-362.21487317586605,13.113245733186355
2024-12-03,460,-354.7699700613088,13.158130114302361
2024-12-03,461,-356.1030570288974,13.070380462851318
2024-12-03,462,-365.255239219559,15.156448769513192
2024-12-03,463,-365.76647176110424,12.013478155591764
2024-12-03,464,-351.03500410885283,12.385307154395312
2024-12-03,465,-365.97263218513405,13.957339826867198
2024-12-03,466,-354.10287110483733,10.903507599909476
2024-12-03,467,-359.9667676118365,14.111267917109513
2024-12-03,468,-353.7604739303468,11.919212529321568
2024-12-03,469,-374.50375812533485,13.577330288971513
2024-12-03,470,-360.4790682343589,10.082691246092836
2024-12-03,471,-351.22253481234685,11.013093658952396
2024-12-03,472,-368.1456589288833,16.551867897842357
2024-12-03,473,-371.9072684677151,11.850547794643566
2024-12-03,474,-358.23687078040433,16.153968319866962
2024-12-03,475,-358.04576057621745,12.089310983867069
2024-12-03,476,-361.8417250991716,11.56387106802877
2024-12-03,477,-364.45045920996233,11.792316299389563
2024-12-03,478,-358.42198432758903,14.73861330352666
2024-12-03,479,-367.32350932319855,12.609035227753202
2024-12-03,480,-361.17120865855566,13.423397681148419
2024-12-03,481,-359.30380860331917,12.086076112422942
2024-12-03,482,-363.2502727768766,15.842394509840076
2024-12-03,483,-373.23119749787367,14.722510432452516
2024-12-03,484,-357.8347472673293,12.927473259789567
2024-12-03,485,-372.79729522398856,13.749991892536437
2024-12-03,486,-353.77400672176765,13.503719020675266
2024-12-03,487,-376.741236344653,14.324717834999213
2024-12-03,488,-366.6491732082018,14.479303862492078
2024-12-03,489,-366.5996345924203,11.722676034843266
2024-12-03,490,-377.7224177430634,14.93811571769852
2024-12-03,491,-355.8136249807984,10.461073013960013
2024-12-03,492,-357.3808194825058,11.344453417428644
2024-12-03,493,-366.00432717793075,12.584432397336121
2024-12-03,494,-350.58983580559146,11.91608940450431
2024-12-03,495,-349.73923514113267,10.619719831969213
2024-12-03,496,-357.6299881766857,9.269349790012535
2024-12-03,497,-364.0224873349942,11.140757017177044
2024-12-03,498,-361.0798608402304,12.89220708680532
2024-12-03,499,-370.1133030346912,13.599259736736576
2024-12-03,500,-372.03292105867064,15.3381973450373
2024-12-03,501,-382.145830079913,15.260565859651983
2024-12-03,502,-386.4371547398609,14.48293029563097
2024-12-03,503,-376.947868425897,13.32276333751518
2024-12-03,504,-352.51940383862086,11.699802053601896
2024-12-03,505,-374.0734536697134,12.27661498701188
2024-12-03,506,-368.77958885372004,11.76023701228895
2024-12-03,507,-368.13838739512033,10.629319044684056
2024-12-03,508,-356.2326542015954,11.433361475022192
2024-12-03,509,-363.65242569138127,11.71912723998911
2024-12-03,510,-374.4914170242431,12.912857901900587
2024-12-03,511,-378.0287328325606,12.64386715519506
2024-12-03,512,-365.91650044083434,12.095313809658498
2024-12-03,513,-350.7204118998835,9.262392496962482
2024-12-03,514,-351.9890085894997,9.448050350863758
2024-12-03,515,-366.9887944355747,12.18826977499914
2024-12-03,516,-356.2688140278464,13.806492240033261
2024-12-03,517,-373.3908906568208,18.13296619394432
2024-12-03,518,-358.3798237136234,13.531815505910364
2024-12-03,519,-357.9726468451869,16.063533091353072
2024-12-03,520,-370.26286089961604,13.365640949676106
2024-12-03,521,-366.7052496412598,16.868617303981225
2024-12-03,522,-363.28737696826187,15.510850433981204
2024-12-03,523,-369.05436500712364,16.27143474740981
2024-12-03,524,-373.29825671128475,17.195661990640666
2024-12-03,525,-381.1477086543014,19.955186230428406
2024-12-03,526,-391.94440779456033,21.860478691168012
2024-12-03,527,-392.60750200063785,19.506463772687376
2024-12-03,528,-392.5160303958543,21.4141121482097
2024-12-03,529,-374.5253970930928,16.10352358824104
2024-12-03,530,-375.58637617100555,20.32260341286497
2024-12-03,531,-365.66653053554296,16.65671440066456
2024-12-03,532,-375.85382844300017,13.941779669455522
2024-12-03,533,-357.3779076114484,12.113454412769588
2024-12-03,534,-353.04492789359404,11.095089822620123
2024-12-03,535,-362.3076650411019,13.076630601093907
2024-12-03,536,-382.6276463142809,15.13109777210999
2024-12-03,537,-378.53306487334237,16.60036615856851
2024-12-03,538,-373.5393217607394,13.561259023679108
2024-12-03,539,-374.002891020805,14.280507702011402
2024-12-03,540,-354.51273158042807,15.10239408936898
2024-12-03,541,-354.84431718734504,12.941500813377383
2024-12-03,542,-359.1608731229203,12.834628893733216
2024-12-03,543,-379.4975876676955,15.870692750848082
2024-12-03,544,-382.2196618993081,16.17900831773172
2024-12-03,545,-378.5964064336854,13.784520663293831
2024-12-03,546,-378.9921847021657,13.70168649509244
2024-12-03,547,-377.2937637911288,16.155287748219497
2024-12-03,548,-371.3826133249969,19.497523748223863
2024-12-03,549,-391.6649785340463,20.057931212699547
2024-12-03,550,-371.6034072288191,21.82799450996686
2024-12-03,551,-388.2179892528344,24.16122548816292
2024-12-03,552,-396.0194769210028,21.47648910938709
2024-12-03,553,-389.1392161173898,19.343491740948892
2024-12-03,554,-386.4280947739073,23.34908308565624
2024-12-03,555,-370.1290246143971,21.358875723503353
2024-12-03,556,-394.39998440239987,23.91028814637798
2024-12-03,557,-394.661914677662,22.288597456105954
2024-12-03,558,-374.4758080379012,17.54480183169659
2024-12-03,559,-370.8141828452286,14.426939533921368
2024-12-03,560,-390.6021156043663,24.571641607425562
2024-12-03,561,-397.7743911119467,23.087169527674106
2024-12-03,562,-403.69582586308036,26.586978783224197
2024-12-03,563,-400.1238734714558,23.537137193543337
2024-12-03,564,-396.67404390715313,22.431259448054075
2024-12-03,565,-382.66730186719917,25.251205054765677
2024-12-03,566,-384.30474294928484,16.645996266147204
2024-12-03,567,-393.1653330472745,21.694634697366805
2024-12-03,568,-394.0181379132291,22.56365021312318
2024-12-03,569,-387.30096709457143,19.000759744465665
2024-12-03,570,-389.1301182754711,22.509376202676037
2024-12-03,571,-386.91719603625313,18.36485508144613
2024-12-03,572,-387.4859724598257,18.26737897407231
2024-12-03,573,-382.41760373876565,16.733403563321072
2024-12-03,574,-375.8322352471145,17.47685469519004
2024-12-03,575,-392.3425944097923,19.31580020742918
2024-12-03,576,-367.5852521264933,18.00660614015141
2024-12-03,577,-381.6168024201461,21.145295495970874
2024-12-03,578,-381.36657472215484,17.02151665452811
2024-12-03,579,-376.82671769495,14.58846382817576
2024-12-03,580,-358.4279734298888,11.805081258080627
2024-12-03,581,-372.727883170284,11.981647691776681
2024-12-03,582,-367.65845939460763,13.21910521332452
2024-12-03,583,-374.42772931638234,16.75356925586622
2024-12-03,584,-359.9397381824579,15.716681159979816
2024-12-03,585,-372.97659059805034,16.71545460438847
2024-12-03,586,-368.8959832336096,14.116172150137992
2024-12-03,587,-363.90766593255586,13.54004041704219
2024-12-03,588,-371.0357494025992,16.339019720982005
2024-12-03,589,-382.7145058152703,13.625640544785723
2024-12-03,590,-360.18227570990643,15.90065812035818
2024-12-03,591,-358.3258319443281,11.828682692462849
2024-12-03,592,-373.2334312809645,14.303227531100243
2024-12-03,593,-380.12741050339423,14.81821775735274
2024-12-03,594,-373.53731502052483,13.782222268165114
2024-12-03,595,-377.1303769385425,14.986201520953486
2024-12-03,596,-380.30556515889225,18.961198082814423
2024-12-03,597,-388.54130405439116,14.193977907608152
2024-12-03,598,-380.45690939774533,13.429936751638886
2024-12-03,599,-363.5564883604001,11.953240434644798
2024-12-03,600,-375.42883033041426,12.904260402529074
2024-12-03,601,-361.57444300699154,12.821628253450815
2024-12-03,602,-371.88184443601983,14.019670339778312
2024-12-03,603,-372.0978157339801,14.380751796073582
2024-12-03,604,-364.5454910597696,12.296118284332787
2024-12-03,605,-368.76210488539726,12.857730474848115
2024-12-03,606,-373.7333070588847,15.379792631765996
2024-12-03,607,-367.0938641350274,12.389314336560123
2024-12-03,608,-353.49580972508164,11.10965889437705
2024-12-03,609,-376.14828923927183,14.043602742256525
2024-12-03,610,-375.54149682253546,16.54025789272086
2024-12-03,611,-384.4099991463985,16.479411546606467
2024-12-03,612,-350.9781313548853,12.612896352055976
2024-12-03,613,-358.65392219105473,11.960322656847685
2024-12-03,614,-352.6248124191908,10.78931908434376
2024-12-03,615,-348.6835684097324,10.795956145319796
2024-12-03,616,-352.6069227583256,10.264178638384072
2024-12-03,617,-372.9672017377673,14.033752569504767
2024-12-03,618,-364.6705386304684,13.926164613126415
2024-12-03,619,-378.56062877396573,16.67885702458331
2024-12-03,620,-376.83337408967003,19.160700611987256
2024-12-03,621,-387.9669749132107,15.93613586715703
2024-12-03,622,-371.1050258811915,15.635871322496413
2024-12-03,623,-371.34635824641714,13.559142910335925
2024-12-03,624,-361.46952504814857,12.099057121628046
2024-12-03,625,-350.6067315552157,11.861189208928293
2024-12-03,626,-358.7689451824381,13.361932339715082
2024-12-03,627,-365.4538739305618,14.140680065365009
2024-12-03,628,-373.71519354711916,16.6058925797546
2024-12-03,629,-386.6091762831706,21.913255037888206
2024-12-03,630,-395.4032291955056,19.996919347373193
2024-12-03,631,-390.6814155309499,17.556040229174158
2024-12-03,632,-358.91194689065424,12.605701403850453
2024-12-03,633,-372.24382424156653,11.60272224926915
2024-12-03,634,-349.89214700256093,10.032902764806277
2024-12-03,635,-359.2773959538292,11.818406673011676
2024-12-03,636,-347.18616015826643,8.730419978357567
2024-12-03,637,-355.54748281295383,9.748997746526811
2024-12-03,638,-347.9327421922312,10.942646943083732
2024-12-03,639,-352.7329465908476,13.028570081422869
2024-12-03,640,-348.6811735410022,11.051977339056078
2024-12-03,641,-354.4812988638433,12.017164149461767
2024-12-03,642,-353.8227711689761,12.900698355068684
2024-12-03,643,-375.220377351163,14.18330293748777
2024-12-03,644,-357.0486861018552,12.412977826754526
2024-12-03,645,-363.8084450703019,12.010551450214328
2024-12-03,646,-354.0858717518453,11.199480846927703
2024-12-03,647,-350.59008013897204,11.769138551434462
2024-12-03,648,-353.2323136680424,12.789139950072062
2024-12-03,649,-364.7894689148451,14.674098692037735
2024-12-03,650,-372.5209008986179,13.45812706112618
2024-12-03,651,-373.0113490972783,14.17998913431717
2024-12-03,652,-370.4064773760407,12.83283934035031
2024-12-03,653,-358.51008897975885,10.132388334746947
2024-12-03,654,-361.00364855904036,11.27231407605136
2024-12-03,655,-358.1777173351941,11.44244499534463
2024-12-03,656,-351.5981555163056,11.353732997785038
2024-12-03,657,-368.06160313686496,12.955038287029295
2024-12-03,658,-377.7822861997546,15.929008736876636
2024-12-03,659,-355.02394395394,14.55730426828235
2024-12-03,660,-350.0999288941817,11.77226374121333
2024-12-03,661,-376.5540509419538,15.530807293650524
2024-12-03,662,-360.26804842509364,15.021163535568949
2024-12-03,663,-354.20739668270636,11.734594351168598
2024-12-03,664,-352.3784444250819,13.032029429122932
2024-12-03,665,-371.36049126122975,13.071955606537113
2024-12-03,666,-372.25946113822084,13.872331986286285
2024-12-03,667,-368.7386988500984,16.18468274526093
2024-12-03,668,-371.18098902071245,14.782117705782305
2024-12-03,669,-361.52237734960033,12.955944755224992
2024-12-03,670,-361.1249198557769,11.13222798178799
2024-12-03,671,-354.5314228975139,11.516904667226582
2024-12-03,672,-370.1018396205655,14.324373402378082
2024-12-03,673,-374.5473860576881,14.490336706156494
2024-12-03,674,-369.5483072827648,11.76887159445161
2024-12-03,675,-353.0872465488687,13.36402437354792
2024-12-03,676,-350.38477757662724,11.975522556647826
2024-12-03,677,-355.2823066360008,15.146070502586692
2024-12-03,678,-363.9853413647446,13.523426398144798
2024-12-03,679,-376.8549369520733,15.862987659243645
2024-12-03,680,-376.2003631466288,15.649424890349623
2024-12-03,681,-376.1384495710619,14.912538683301854
2024-12-03,682,-356.9190528336014,14.754770629960813
2024-12-03,683,-370.6192640756446,15.754316520446793
2024-12-03,684,-368.83939006884543,14.866531843609248
2024-12-03,685,-360.86495794148004,16.448385685435277
2024-12-03,686,-361.7227106522123,15.084010900405463
2024-12-03,687,-374.2839459732823,14.701253378052634
2024-12-03,688,-362.0505176348298,13.5030899817935
2024-12-03,689,-358.8920635205172,13.52460546504807
2024-12-03,690,-351.82882114625846,12.182706791182419
2024-12-03,691,-361.26650249559225,12.20534448035529
2024-12-03,692,-366.9584458161419,15.399679771764893
2024-12-03,693,-371.3527825420278,15.240512069200504
2024-12-03,694,-362.63606845068006,14.117826604861134
2024-12-03,695,-382.29921595906404,15.762361480872782
2024-12-03,696,-367.8528390116448,14.451173678345024
2024-12-03,697,-369.4922201857505,14.820753764177157
2024-12-03,698,-350.48824049829926,12.737058584458472
2024-12-03,699,-352.49048109545106,14.112990249612494
2024-12-03,700,-356.0105444191849,15.476614548484681
2024-12-03,701,-373.2945243885548,12.695233867437697
2024-12-03,702,-356.7291982876429,13.370913262934645
2024-12-03,703,-358.19045569733845,16.583355180189944
2024-12-03,704,-369.8275415046089,15.702985527427504
2024-12-03,705,-354.45061331268505,16.044592842862862
2024-12-03,706,-354.51051460083875,13.805898169472373
2024-12-03,707,-371.7549856213331,17.077650460743573
2024-12-03,708,-377.3432043299752,17.275044984495324
2024-12-03,709,-366.1306714727045,16.991250910241224
2024-12-03,710,-361.53009031385324,14.569795151192007
2024-12-03,711,-371.59947619110716,15.06707902688944
2024-12-03,712,-358.8372274072839,16.367884811041638
2024-12-03,713,-369.2486087743492,15.907466845643576
2024-12-03,714,-372.7193054960272,16.173953286338488
2024-12-03,715,-375.8773891204804,16.16629890395202
2024-12-03,716,-362.91801806331296,16.19983748806017
2024-12-03,717,-360.7539806883468,16.60435604097607
2024-12-03,718,-360.4528862406515,14.820667111588433
2024-12-03,719,-357.8345027713222,15.436294778615585
2024-12-03,720,-352.37163486783845,15.943121112532975
2024-12-03,721,-357.5616102661578,17.35883491687163
2024-12-03,722,-377.46765764994603,14.319008897777758
2024-12-03,723,-373.96871949403237,14.197796319335733
2024-12-03,724,-369.35480983601485,18.01042324315787
2024-12-03,725,-367.6335816085962,16.81280698981606
2024-12-03,726,-364.21861985815315,17.272432918437833
2024-12-03,727,-361.4985810087218,17.93083529744999
2024-12-03,728,-363.75141865243984,17.424155205174124
2024-12-03,729,-357.80120740029975,16.94251157785216
2024-12-03,730,-355.64138415610535,16.187826062691798
2024-12-03,731,-352.14866946155195,15.466952201290706
2024-12-03,732,-352.072955763473,15.384625126827762
2024-12-03,733,-353.3966798316071,13.506438857074906
2024-12-03,734,-356.8436054814783,19.6060619962031
2024-12-03,735,-355.62661974491766,15.698643376492456
2024-12-03,736,-354.38581809993127,15.063976844780537
2024-12-03,737,-354.4394352782985,16.62613787669038
2024-12-03,738,-353.77844342458343,15.969636574076732
2024-12-03,739,-353.0914658445739,15.643072051540772
2024-12-03,740,-367.2165192175676,14.972120326942632
2024-12-03,741,-353.1640022679601,15.59778815564148
2024-12-03,742,-353.2865161574149,16.943806094371883
2024-12-03,743,-356.6527203724088,17.94936750961066
2024-12-03,744,-361.1511026057602,15.902027989228493
2024-12-03,745,-351.47206550457764,15.185862836868592
2024-12-03,746,-353.7236446103058,17.036766351161177
2024-12-03,747,-356.65272400151605,16.24184369466846
2024-12-03,748,-351.4527525131059,14.386133571337357
2024-12-03,749,-349.5275753950052,12.90138339375731
2024-12-03,750,-348.65783466353895,12.093568900928867
2024-12-03,751,-353.4706279078227,13.444078333485
2024-12-03,752,-350.46720170220533,13.683043491163872
2024-12-03,753,-361.004642316027,16.693599699167034
2024-12-03,754,-351.3829344271903,13.705904960480757
2024-12-03,755,-352.5283198077186,13.0875534399002
2024-12-03,756,-354.2134127947528,16.353530883955955
2024-12-03,757,-356.79116233400833,13.681330958364596
2024-12-03,758,-351.68522893777134,13.660267761874787
2024-12-03,759,-351.8271923114481,12.953488455936228
2024-12-03,760,-350.2601161362995,13.887084901164474
2024-12-03,761,-354.47082650035884,12.495129980485972
2024-12-03,762,-352.99440310526103,15.98935707888536
2024-12-03,763,-350.7749175239164,12.465129059799416
2024-12-03,764,-351.85729329206663,14.575582359056053
2024-12-03,765,-365.2158278124725,12.399781707471847
2024-12-03,766,-359.26316153639647,11.310366857681464
2024-12-03,767,-358.73655013470875,13.58952827733733
2024-12-03,768,-355.38021023696047,13.776193728042392
2024-12-03,769,-353.12596662729686,13.605153496642453
2024-12-03,770,-351.2628077563582,14.583977818980722
2024-12-03,771,-352.37648364783547,14.61035733816811
2024-12-03,772,-352.8178489228956,14.83655094578152
2024-12-03,773,-351.28586385253027,12.671716507419935
2024-12-03,774,-360.870178132688,12.894021121101641
2024-12-03,775,-352.368079832333,13.349964938506826
2024-12-03,776,-360.46954523526864,11.829723284885704
2024-12-03,777,-350.55120769265585,13.517691885516278
2024-12-03,778,-358.96415387840693,12.1926145700074
2024-12-03,779,-355.2330493818061,9.904994603952124
2024-12-03,780,-357.59011112368853,12.131834805279807
2024-12-03,781,-350.0017831598763,12.355422679041121
2024-12-03,782,-352.6782087666869,13.887359580480485
2024-12-03,783,-350.7615555318832,13.476679385974235
2024-12-03,784,-359.1821481086725,14.486281418178462
2024-12-03,785,-365.06992149225823,14.710197167052756
2024-12-03,786,-351.2957774198968,12.135915616011745
2024-12-03,787,-357.5417378457523,10.658424984354065
2024-12-03,788,-352.70844721855354,13.406804363038955
2024-12-03,789,-356.6522324254641,13.49672308225896
2024-12-03,790,-357.5465517145581,11.36655546631873
2024-12-03,791,-348.3589771137744,12.169637801987458
2024-12-03,792,-352.7675091723336,12.57108560392898
2024-12-03,793,-350.5351623486076,12.059915964248528
2024-12-03,794,-362.8090088365434,9.748932706790097
2024-12-03,795,-349.9998428375173,12.590750344316712
2024-12-03,796,-352.08176288013124,12.442269717606834
2024-12-03,797,-359.7100447314407,12.957413990961397
2024-12-03,798,-356.30077167096135,16.023270815914316
2024-12-03,799,-353.30427118195786,15.471055690155792
2024-12-03,800,-350.8237186831141,11.767063480196748
2024-12-03,801,-359.0386074184675,12.394758772262925
2024-12-03,802,-351.7933891219251,13.79523751618864
2024-12-03,803,-353.9413917205808,14.459357842277466
2024-12-03,804,-351.09382656136097,13.949580466757308
2024-12-03,805,-350.3290072291691,13.268494021668738
2024-12-03,806,-356.0968372825701,15.809095773097226
2024-12-03,807,-348.7905081197,12.448734612945467
2024-12-03,808,-360.26766078241445,9.517895299383545
2024-12-03,809,-363.507464104028,10.414048944831817
2024-12-03,810,-352.97185364848866,13.459125426865315
2024-12-03,811,-351.88335349278555,14.480744734347267
2024-12-03,812,-354.5593070874217,12.019602040015029
2024-12-03,813,-351.8912555528107,15.484765792374034
2024-12-03,814,-352.52476537350054,15.419609883454068
2024-12-03,815,-362.7871784913657,9.687767013907004
2024-12-03,816,-364.2325951421982,12.38097976475634
2024-12-03,817,-354.4082053085159,12.207652953964475
2024-12-03,818,-352.91835112833115,13.363323529911478
2024-12-03,819,-350.86063819801444,10.563530776853066
2024-12-03,820,-348.75361883432686,11.970542910927566
2024-12-03,821,-366.3841846437961,12.137543324129892
2024-12-03,822,-361.37001761045383,9.683259935653883
2024-12-03,823,-362.7595132930889,10.173073883357128
2024-12-03,824,-351.8669496749321,13.078473421947574
2024-12-03,825,-349.867227093137,12.85593502279911
2024-12-03,826,-349.04641300308487,12.845991519303793
2024-12-03,827,-352.35929573460663,14.455381866550923
2024-12-03,828,-349.9052867658955,12.037856355425617
2024-12-03,829,-351.04331317210256,13.083818342994618
2024-12-03,830,-350.29132520291574,14.06026720164365
2024-12-03,831,-351.0128983695879,9.347634332135591
2024-12-03,832,-350.9938316012368,10.828019293196924
2024-12-03,833,-354.2156940965005,10.281369820959918
2024-12-03,834,-350.1748394127179,10.853175682934046
2024-12-03,835,-347.487187278174,10.922440174174284
2024-12-03,836,-359.97195162702815,9.273945775126808
2024-12-03,837,-355.831566909099,13.939266616957271
2024-12-03,838,-355.85414610386744,11.411503492576474
2024-12-03,839,-357.48260674765424,14.241396092417226
2024-12-03,840,-355.29614742015224,11.729486284621848
2024-12-03,841,-347.7565230638611,10.751813557467546
2024-12-03,842,-362.1157349459778,10.14489819735847
2024-12-03,843,-349.83845425951273,13.427634130498372
2024-12-03,844,-350.8593834184632,11.71148038240472
2024-12-03,845,-364.60062077056097,10.758372687936792
2024-12-03,846,-359.885493016693,10.811043877639259
2024-12-03,847,-354.89673942959587,14.37782502608118
2024-12-03,848,-352.87769561369856,13.668390802368062
2024-12-03,849,-349.98950348207694,11.704188453170978
2024-12-03,850,-353.5805517903166,11.959027171303052
2024-12-03,851,-363.77438154803957,12.08470132203176
2024-12-03,852,-351.53103209665346,14.394353401875271
2024-12-03,853,-355.97604764533867,14.82755863190621
2024-12-03,854,-355.53808649148885,10.969264438454593
2024-12-03,855,-353.75762463046715,15.363495660708429
2024-12-03,856,-365.79374039915194,8.51940101008429
2024-12-03,857,-367.6975188570374,10.932668112424206
2024-12-03,858,-364.94528186582204,12.422378654653135
2024-12-03,859,-359.370123874226,11.001941663984619
2024-12-03,860,-371.90599591071475,10.557508719714065
2024-12-03,861,-364.35815676154283,8.313723829610186
2024-12-03,862,-376.58898446621987,11.97768258080479
2024-12-03,863,-376.918393071962,13.130715132273572
2024-12-03,864,-371.2972288556034,14.450084146880874
2024-12-03,865,-373.3970615144448,14.071832793310687
2024-12-03,866,-352.9310623387114,12.581781921113388
2024-12-03,867,-354.89290481569486,14.185221730817965
2024-12-03,868,-356.90998988554867,12.71932463875567
2024-12-03,869,-369.82125050892404,10.443834966814352
2024-12-03,870,-349.0320329842073,11.126461106371996
2024-12-03,871,-359.3115006644812,11.200714592254037
2024-12-03,872,-365.12556570549,10.920324430144868
2024-12-03,873,-358.4211489005356,10.969691672144
2024-12-03,874,-351.25491373634395,12.86085827219239
2024-12-03,875,-355.0197725634835,12.500411392609196
2024-12-03,876,-348.7982243349816,12.45644756404464
2024-12-03,877,-365.34817576625335,11.921825622338933
2024-12-03,878,-368.1941147941895,8.526289669248474
2024-12-03,879,-367.14578656172694,8.394212667067212
2024-12-03,880,-368.6952215330895,11.147987309265464
2024-12-03,881,-359.3551002140002,14.34408800696204
2024-12-03,882,-370.0335114103083,15.817475547219951
2024-12-03,883,-378.3959004035911,14.860209116265978
2024-12-03,884,-375.3242451979428,16.29610204997964
2024-12-03,885,-376.66228095252967,15.64004942405652
2024-12-03,886,-378.98707731019306,16.881930003025765
2024-12-03,887,-373.6450660848314,17.56478300398665
2024-12-03,888,-376.32258585395397,17.861346809333845
2024-12-03,889,-378.958216754122,17.99857861288614
2024-12-03,890,-373.8758637481616,24.63065267787671
2024-12-03,891,-381.47798227798427,25.82169536774443
2024-12-03,892,-382.8270043509195,19.772309533102362
2024-12-03,893,-385.36254395455006,24.106144336570793
2024-12-03,894,-370.6729039308464,16.675881913556093
2024-12-03,895,-377.66522569259735,19.50351216869404
2024-12-03,896,-373.1002321831999,15.647957334856587
2024-12-03,897,-352.031763478534,13.888168408405223
2024-12-03,898,-366.0185430387096,11.775173887334155
2024-12-03,899,-364.55274848475045,11.888060076059142
2024-12-03,900,-369.8219830178633,12.933845092950309
2024-12-03,901,-361.5682607254928,14.206655463779132
2024-12-03,902,-357.4904443179352,14.28083297137252
2024-12-03,903,-348.624371627298,10.192604396921938
2024-12-03,904,-358.3925272728787,11.286192068227077
2024-12-03,905,-355.00384955235324,14.874523733545793
2024-12-03,906,-363.36082684096834,12.47496487527293
2024-12-03,907,-367.3245243197715,11.190806275901874
2024-12-03,908,-371.79662337946877,14.715559825338095
2024-12-03,909,-373.9843282406449,16.482349796280534
2024-12-03,910,-364.49202699722565,14.672045334994792
2024-12-03,911,-357.7402190691671,13.904253929954773
2024-12-03,912,-372.24969427297145,14.864804985759227
2024-12-03,913,-375.20443792325904,17.961611718323052
2024-12-03,914,-375.1422996482726,22.14631947157859
2024-12-03,915,-368.2797135552099,21.75087845589586
2024-12-03,916,-378.00901203129575,27.511972530248986
2024-12-03,917,-367.17261320994106,19.585463762496868
2024-12-03,918,-358.50767077536716,21.66115316498888
2024-12-03,919,-363.12436226726754,24.266044908500998
2024-12-03,920,-365.8488922957099,19.260062442134956
2024-12-03,921,-360.99543165354885,22.896728931471916
2024-12-03,922,-369.7942277641949,25.04197916475845
2024-12-03,923,-370.82278786326964,17.27340275755002
2024-12-03,924,-366.3963000269877,14.469137387883414
2024-12-03,925,-368.8378450424822,27.83649584726326
2024-12-03,926,-360.74476826427497,24.26373685590316
2024-12-03,927,-364.32399765367967,25.88139625642675
2024-12-03,928,-368.30972055309564,24.496528688284023
2024-12-03,929,-368.5585968653483,22.78463901524764
2024-12-03,930,-382.17243385111544,26.56598389718425
2024-12-03,931,-354.92902066250076,17.037557436338947
2024-12-03,932,-372.3047750075348,21.122391680184236
2024-12-03,933,-359.69125868477624,20.982906184539885
2024-12-03,934,-357.44848507323894,19.124256291604688
2024-12-03,935,-359.57026165424304,20.546996039552596
2024-12-03,936,-356.95925261080725,18.264023800702912
2024-12-03,937,-363.6123449872209,20.409852617761842
2024-12-03,938,-362.33719354078875,18.69668688356064
2024-12-03,939,-360.50139569800234,18.122375369585924
2024-12-03,940,-370.6689263125891,19.46060581536786
2024-12-03,941,-371.11987415739907,16.77201973292505
2024-12-03,942,-371.00983913103335,21.59931528116296
2024-12-03,943,-367.26837548680663,17.001297436781712
2024-12-03,944,-363.35993835708564,13.535352472666057
2024-12-03,945,-362.4342381714167,10.872006094369942
2024-12-03,946,-368.5892527488878,11.914412828819541
2024-12-03,947,-363.3522946789673,12.509719885030888
2024-12-03,948,-364.19220478687964,14.520874132689405
2024-12-03,949,-370.04470505079126,16.061620966402366
2024-12-03,950,-355.2627569504436,14.960147935240096
2024-12-03,951,-370.76176135861306,11.795393493660516
2024-12-03,952,-358.6869252497208,12.439647302776713
2024-12-03,953,-377.28147917856546,17.08047739264147
2024-12-03,954,-370.30938338753447,14.91495055929539
2024-12-03,955,-372.4063493049506,15.090003929074918
2024-12-03,956,-362.37106987961295,11.281695372038287
2024-12-03,957,-353.19228064494035,13.37858123731044
2024-12-03,958,-362.93079250862496,14.394039975720796
2024-12-03,959,-353.2736369572002,13.457657155261643
2024-12-03,960,-370.4806060860633,15.769442803949879
2024-12-03,961,-363.19441921799216,22.309537098427036
2024-12-03,962,-352.1910609478341,14.750012174942265
2024-12-03,963,-363.58902041152675,11.936095509468757
2024-12-03,964,-367.13633368101137,11.211786344877275
2024-12-03,965,-357.19981463616455,10.724006684311092
2024-12-03,966,-354.2726589001709,12.686781571124838
2024-12-03,967,-351.0200898563656,13.893404820419509
2024-12-03,968,-359.9763665724204,15.119792033447665
2024-12-03,969,-360.159956652859,11.339765340067038
2024-12-03,970,-363.33064551938116,13.206663568106528
2024-12-03,971,-352.80209147291697,15.268795957731616
2024-12-03,972,-359.67032928838523,10.343300195273939
2024-12-03,973,-365.59624082834466,11.776907536875527
2024-12-03,974,-365.1324351635036,15.62268686563899
2024-12-03,975,-358.6096955912694,18.254297815905815
2024-12-03,976,-359.6971051477596,17.504283170776333
2024-12-03,977,-353.76433924208646,12.081458671585542
2024-12-03,978,-349.9087173942974,11.639361937491813
2024-12-03,979,-350.706412651477,11.253221185395981
2024-12-03,980,-368.1721479644741,10.641810332137606
2024-12-03,981,-367.8436494190969,12.23626582579983
2024-12-03,982,-362.1963273935669,15.14733200799025
2024-12-03,983,-366.4116304274264,16.066188767557314
2024-12-03,984,-365.4942686907917,16.199054084112756
2024-12-03,985,-358.2196146973205,17.996556268695652
2024-12-03,986,-366.23998046687854,15.181875754002878
2024-12-03,987,-352.96354077347786,15.661027714926117
2024-12-03,988,-367.4958520337245,15.685098485500484
2024-12-03,989,-364.3948210050288,11.154311233618543
2024-12-03,990,-364.88410865645346,11.467122259453971
2024-12-03,991,-367.30450935499766,12.87557261438379
2024-12-03,992,-366.5192805456134,14.427976961189092
2024-12-03,993,-362.3923117179874,17.198178068281187
2024-12-03,994,-365.05128213160117,24.002856873522877
2024-12-03,995,-360.03074780954915,22.91794484077713
2024-12-03,996,-361.67439559627394,22.04305834221477
2024-12-03,997,-351.07468477172284,12.902271356157726
2024-12-03,998,-362.02970043925126,10.882024199559838
2024-12-03,999,-357.8206543980369,9.061443359492685
2024-12-03,1000,-354.6898555804121,11.044842077145233
2024-12-03,1001,-356.55116451318776,8.580322268315271
2024-12-03,1002,-364.6284789889168,9.963857930594363
2024-12-03,1003,-360.843306278739,10.820229759701805
2024-12-03,1004,-354.5319312962404,13.197989656218173
2024-12-03,1005,-366.8077362757239,11.010578365656821
2024-12-03,1006,-353.3966722255848,10.427212456777992
2024-12-03,1007,-351.8398728306178,12.686206975717178
2024-12-03,1008,-349.2523902935608,12.915767124501171
2024-12-03,1009,-349.17651961920893,12.211717778952487
2024-12-03,1010,-352.79363245011797,11.494942185350649
2024-12-03,1011,-363.81138813327425,10.305829293016764
2024-12-03,1012,-351.3841271901948,12.19649556732575
2024-12-03,1013,-350.5633285350219,12.908584545684182
2024-12-03,1014,-351.4699326608485,14.760392252468632
2024-12-03,1015,-349.26844264805777,12.120759568246246
2024-12-03,1016,-352.69068160411535,14.327399567842695
2024-12-03,1017,-348.49235368196986,12.236807239164445
2024-12-03,1018,-362.4208424382827,10.58286038659075
2024-12-03,1019,-358.3998313467299,11.360493082244762
2024-12-03,1020,-368.85021094268336,11.16232586295206
2024-12-03,1021,-361.17135227012477,10.046706214808138
2024-12-03,1022,-366.4742133400669,10.251582866029436
2024-12-03,1023,-350.64579773723426,13.3596287256117
2024-12-03,1024,-350.6638620904834,13.449300569267388
2024-12-03,1025,-362.9230090586661,12.123783944571644
2024-12-03,1026,-351.44753743891187,14.809394412320415
2024-12-03,1027,-351.67363929888654,15.436893067210661
2024-12-03,1028,-360.1534128343956,11.705240785095887
2024-12-03,1029,-357.16885089077283,11.516572153975964
2024-12-03,1030,-362.98617478725157,13.862536925654103
2024-12-03,1031,-353.8874148300745,13.289507880463336
2024-12-03,1032,-353.353382078112,15.943313413070094
2024-12-03,1033,-350.58155186677686,13.867392994411766
2024-12-03,1034,-350.0346012054911,12.668611599794511
2024-12-03,1035,-366.263420833357,10.928152179764249
2024-12-03,1036,-361.5496131924466,10.605223450006319
2024-12-03,1037,-356.98249065069956,13.312548971863832
2024-12-03,1038,-350.86120977763454,13.83616277026225
2024-12-03,1039,-350.79954504716784,11.05377788391504
2024-12-03,1040,-356.73087025863515,11.950290218925137
2024-12-03,1041,-350.0431189245772,11.38751114256183
2024-12-03,1042,-351.6398364507561,14.166720542475169
2024-12-03,1043,-350.1253414706615,13.386707227630398
2024-12-03,1044,-353.0410930906402,16.72997843033299
2024-12-03,1045,-353.2707312233373,15.912210534631763
2024-12-03,1046,-350.39887332724714,13.912478697472284
2024-12-03,1047,-349.3793695688569,12.974495015352908
2024-12-03,1048,-351.90242904343916,14.929974478761938
2024-12-03,1049,-349.716394715429,13.349305901451624
2024-12-03,1050,-351.45210469280687,15.061837616977785
2024-12-03,1051,-356.2072443085418,14.132734642312121
2024-12-03,1052,-356.82587147648877,13.282231775812436
2024-12-03,1053,-348.4639788209706,12.192237943128632
2024-12-03,1054,-349.9366400261584,12.166772132387958
2024-12-03,1055,-350.74222898894004,11.310767613051842
2024-12-03,1056,-348.45674463717216,12.120454218432895
2024-12-03,1057,-352.8454574562924,14.942779143464946
2024-12-03,1058,-351.7076888565733,15.302806409062319
2024-12-03,1059,-350.2309296641296,13.133293064270118
2024-12-03,1060,-353.4643460873224,15.68655479941532
2024-12-03,1061,-353.01478976991166,12.339640952211111
2024-12-03,1062,-350.69310398813076,13.483379817675212
2024-12-03,1063,-364.615925350248,10.507593583771214
2024-12-03,1064,-350.01731189390955,11.913365505624297
2024-12-03,1065,-351.57332452071455,15.074242986294273
2024-12-03,1066,-352.9713475495119,12.66664637208585
2024-12-03,1067,-353.3770531430578,11.467698777251828
2024-12-03,1068,-352.5349912534721,16.219357799920697
2024-12-03,1069,-352.61735720850334,15.684969939504269
2024-12-03,1070,-353.8314795378659,15.915194735024091
2024-12-03,1071,-349.3236657495581,13.130112465299812
2024-12-03,1072,-354.1000272418867,17.397598077130578
2024-12-03,1073,-353.5594470447287,16.682819049016114
2024-12-03,1074,-354.4764223615885,16.02571665862963
2024-12-03,1075,-358.65978788996944,14.563077830931146
2024-12-03,1076,-351.4570306693268,14.41533460519567
2024-12-03,1077,-350.7636008867317,14.347098201722039
2024-12-03,1078,-355.05991457416985,15.79628812077339
2024-12-03,1079,-352.109631800358,15.57679961351556
2024-12-03,1080,-352.9046495189556,16.366646004074674
2024-12-03,1081,-353.06441040884476,16.178483384564846
2024-12-03,1082,-352.0726595487943,15.213135386729641
2024-12-03,1083,-350.7212280260222,13.778231032080342
2024-12-03,1084,-350.3212558909198,13.909935281747826
2024-12-03,1085,-360.01505557695236,15.729578402360126
2024-12-03,1086,-371.6702476100315,17.187510817340637
2024-12-03,1087,-354.42035130930833,15.775952941276032
2024-12-03,1088,-371.3062157188602,14.165457846840647
2024-12-03,1089,-369.38584191147396,18.56104472620092
2024-12-03,1090,-419.4982346019674,39.99916516932383
