Episode,Total_Reward,Total_Loss
1,-5722.219811531646,5722.219811531646
2,-5722.219811531646,5722.219811531646
3,-5722.219811531646,5722.219811531646
4,-5722.219811531646,5722.219811531646
5,-5722.219811531646,5722.219811531646
6,-5722.219811531646,5722.219811531646
7,-5722.219811531646,5722.219811531646
8,-5722.219811531646,5722.219811531646
9,-5722.219811531646,5722.219811531646
10,-5722.219811531646,5722.219811531646
11,-5722.219811531646,5722.219811531646
12,-5722.219811531646,5722.219811531646
13,-5722.219811531646,5722.219811531646
14,-5722.219811531646,5722.219811531646
15,-5722.219811531646,5722.219811531646
16,-5722.219811531646,5722.219811531646
17,-5722.219811531646,5722.219811531646
18,-5722.219811531646,5722.219811531646
19,-5722.219811531646,5722.219811531646
20,-5722.219811531646,5722.219811531646
21,-5722.219811531646,5722.219811531646
22,-5722.219811531646,5722.219811531646
23,-5722.219811531646,5722.219811531646
24,-5722.219811531646,5722.219811531646
25,-5722.219811531646,5722.219811531646
26,-5722.219811531646,5722.219811531646
27,-5722.219811531646,5722.219811531646
28,-5722.219811531646,5722.219811531646
29,-5722.219811531646,5722.219811531646
30,-5722.219811531646,5722.219811531646
31,-5722.219811531646,5722.219811531646
32,-5722.219811531646,5722.219811531646
33,-5722.219811531646,5722.219811531646
34,-5722.219811531646,5722.219811531646
35,-5722.219811531646,5722.219811531646
36,-5722.219811531646,5722.219811531646
37,-5722.219811531646,5722.219811531646
38,-5722.219811531646,5722.219811531646
39,-5722.219811531646,5722.219811531646
40,-5722.219811531646,5722.219811531646
41,-5722.219811531646,5722.219811531646
42,-5722.219811531646,5722.219811531646
43,-5722.219811531646,5722.219811531646
44,-5722.219811531646,5722.219811531646
45,-5722.219811531646,5722.219811531646
46,-5722.219811531646,5722.219811531646
47,-5722.219811531646,5722.219811531646
48,-5722.219811531646,5722.219811531646
49,-5722.219811531646,5722.219811531646
50,-5722.219811531646,5722.219811531646
51,-5722.219811531646,5722.219811531646
52,-5722.219811531646,5722.219811531646
53,-5722.219811531646,5722.219811531646
54,-5722.219811531646,5722.219811531646
55,-5722.219811531646,5722.219811531646
56,-5722.219811531646,5722.219811531646
57,-5722.219811531646,5722.219811531646
58,-5722.219811531646,5722.219811531646
59,-5722.219811531646,5722.219811531646
60,-5722.219811531646,5722.219811531646
61,-5722.219811531646,5722.219811531646
62,-5722.219811531646,5722.219811531646
63,-5722.219811531646,5722.219811531646
64,-5722.219811531646,5722.219811531646
65,-5722.219811531646,5722.219811531646
66,-5722.219811531646,5722.219811531646
67,-5722.219811531646,5722.219811531646
68,-5722.219811531646,5722.219811531646
69,-5722.219811531646,5722.219811531646
70,-5722.219811531646,5722.219811531646
71,-5722.219811531646,5722.219811531646
72,-5722.219811531646,5722.219811531646
73,-5722.219811531646,5722.219811531646
74,-5722.219811531646,5722.219811531646
75,-5722.219811531646,5722.219811531646
76,-5722.219811531646,5722.219811531646
77,-5722.219811531646,5722.219811531646
78,-5722.219811531646,5722.219811531646
79,-5722.219811531646,5722.219811531646
80,-5722.219811531646,5722.219811531646
81,-5722.219811531646,5722.219811531646
82,-5722.219811531646,5722.219811531646
83,-5722.219811531646,5722.219811531646
84,-5722.219811531646,5722.219811531646
85,-5722.219811531646,5722.219811531646
86,-5722.219811531646,5722.219811531646
87,-5722.219811531646,5722.219811531646
88,-5722.219811531646,5722.219811531646
89,-5722.219811531646,5722.219811531646
90,-5722.219811531646,5722.219811531646
91,-5722.219811531646,5722.219811531646
92,-5722.219811531646,5722.219811531646
93,-5722.219811531646,5722.219811531646
94,-5722.219811531646,5722.219811531646
95,-5722.219811531646,5722.219811531646
96,-5722.219811531646,5722.219811531646
97,-5722.219811531646,5722.219811531646
98,-5722.219811531646,5722.219811531646
99,-5722.219811531646,5722.219811531646
100,-5722.219811531646,5722.219811531646
101,-5722.219811531646,5722.219811531646
102,-5722.219811531646,5722.219811531646
103,-5722.219811531646,5722.219811531646
104,-5722.219811531646,5722.219811531646
105,-5722.219811531646,5722.219811531646
106,-5722.219811531646,5722.219811531646
107,-5722.219811531646,5722.219811531646
108,-5722.219811531646,5722.219811531646
109,-5722.219811531646,5722.219811531646
110,-5722.219811531646,5722.219811531646
111,-5722.219811531646,5722.219811531646
112,-5722.219811531646,5722.219811531646
113,-5722.219811531646,5722.219811531646
114,-5722.219811531646,5722.219811531646
115,-5722.219811531646,5722.219811531646
116,-5722.219811531646,5722.219811531646
117,-5722.219811531646,5722.219811531646
118,-5722.219811531646,5722.219811531646
119,-5722.219811531646,5722.219811531646
120,-5722.219811531646,5722.219811531646
121,-5722.219811531646,5722.219811531646
122,-5722.219811531646,5722.219811531646
123,-5722.219811531646,5722.219811531646
124,-5722.219811531646,5722.219811531646
125,-5722.219811531646,5722.219811531646
126,-5722.219811531646,5722.219811531646
127,-5722.219811531646,5722.219811531646
128,-5722.219811531646,5722.219811531646
129,-5722.219811531646,5722.219811531646
130,-5722.219811531646,5722.219811531646
131,-5722.219811531646,5722.219811531646
132,-5722.219811531646,5722.219811531646
133,-5722.219811531646,5722.219811531646
134,-5722.219811531646,5722.219811531646
135,-5722.219811531646,5722.219811531646
136,-5722.219811531646,5722.219811531646
137,-5722.219811531646,5722.219811531646
138,-5722.219811531646,5722.219811531646
139,-5722.219811531646,5722.219811531646
140,-5722.219811531646,5722.219811531646
141,-5722.219811531646,5722.219811531646
142,-5722.219811531646,5722.219811531646
143,-5722.219811531646,5722.219811531646
144,-5722.219811531646,5722.219811531646
145,-5722.219811531646,5722.219811531646
146,-5722.219811531646,5722.219811531646
147,-5722.219811531646,5722.219811531646
148,-5722.219811531646,5722.219811531646
149,-5722.219811531646,5722.219811531646
150,-5722.219811531646,5722.219811531646
151,-5722.219811531646,5722.219811531646
152,-5722.219811531646,5722.219811531646
153,-5722.219811531646,5722.219811531646
154,-5722.219811531646,5722.219811531646
155,-5722.219811531646,5722.219811531646
156,-5722.219811531646,5722.219811531646
157,-5722.219811531646,5722.219811531646
158,-5722.219811531646,5722.219811531646
159,-5722.219811531646,5722.219811531646
160,-5722.219811531646,5722.219811531646
161,-5722.219811531646,5722.219811531646
162,-5722.219811531646,5722.219811531646
163,-5722.219811531646,5722.219811531646
164,-5722.219811531646,5722.219811531646
165,-5722.219811531646,5722.219811531646
166,-5722.219811531646,5722.219811531646
167,-5722.219811531646,5722.219811531646
168,-5722.219811531646,5722.219811531646
169,-5722.219811531646,5722.219811531646
170,-5722.219811531646,5722.219811531646
171,-5722.219811531646,5722.219811531646
172,-5722.219811531646,5722.219811531646
173,-5722.219811531646,5722.219811531646
174,-5722.219811531646,5722.219811531646
175,-5722.219811531646,5722.219811531646
176,-5722.219811531646,5722.219811531646
177,-5722.219811531646,5722.219811531646
178,-5722.219811531646,5722.219811531646
179,-5722.219811531646,5722.219811531646
180,-5722.219811531646,5722.219811531646
181,-5722.219811531646,5722.219811531646
182,-5722.219811531646,5722.219811531646
183,-5722.219811531646,5722.219811531646
184,-5722.219811531646,5722.219811531646
185,-5722.219811531646,5722.219811531646
186,-5722.219811531646,5722.219811531646
187,-5722.219811531646,5722.219811531646
188,-5722.219811531646,5722.219811531646
189,-5722.219811531646,5722.219811531646
190,-5722.219811531646,5722.219811531646
191,-5722.219811531646,5722.219811531646
192,-5722.219811531646,5722.219811531646
193,-5722.219811531646,5722.219811531646
194,-5722.219811531646,5722.219811531646
195,-5722.219811531646,5722.219811531646
196,-5722.219811531646,5722.219811531646
197,-5722.219811531646,5722.219811531646
198,-5722.219811531646,5722.219811531646
199,-5722.219811531646,5722.219811531646
200,-5722.219811531646,5722.219811531646
201,-5722.219811531646,5722.219811531646
202,-5722.219811531646,5722.219811531646
203,-5722.219811531646,5722.219811531646
204,-5722.219811531646,5722.219811531646
205,-5722.219811531646,5722.219811531646
206,-5722.219811531646,5722.219811531646
207,-5722.219811531646,5722.219811531646
208,-5722.219811531646,5722.219811531646
209,-5722.219811531646,5722.219811531646
210,-5722.219811531646,5722.219811531646
211,-5722.219811531646,5722.219811531646
212,-5722.219811531646,5722.219811531646
213,-5722.219811531646,5722.219811531646
214,-5722.219811531646,5722.219811531646
215,-5722.219811531646,5722.219811531646
216,-5722.219811531646,5722.219811531646
217,-5722.219811531646,5722.219811531646
218,-5722.219811531646,5722.219811531646
219,-5722.219811531646,5722.219811531646
220,-5722.219811531646,5722.219811531646
221,-5722.219811531646,5722.219811531646
222,-5722.219811531646,5722.219811531646
223,-5722.219811531646,5722.219811531646
224,-5722.219811531646,5722.219811531646
225,-5722.219811531646,5722.219811531646
226,-5722.219811531646,5722.219811531646
227,-5722.219811531646,5722.219811531646
228,-5722.219811531646,5722.219811531646
229,-5722.219811531646,5722.219811531646
230,-5722.219811531646,5722.219811531646
231,-5722.219811531646,5722.219811531646
232,-5722.219811531646,5722.219811531646
233,-5722.219811531646,5722.219811531646
234,-5722.219811531646,5722.219811531646
235,-5722.219811531646,5722.219811531646
236,-5722.219811531646,5722.219811531646
237,-5722.219811531646,5722.219811531646
238,-5722.219811531646,5722.219811531646
239,-5722.219811531646,5722.219811531646
240,-5722.219811531646,5722.219811531646
241,-5722.219811531646,5722.219811531646
242,-5722.219811531646,5722.219811531646
243,-5722.219811531646,5722.219811531646
244,-5722.219811531646,5722.219811531646
245,-5722.219811531646,5722.219811531646
246,-5722.219811531646,5722.219811531646
247,-5722.219811531646,5722.219811531646
248,-5722.219811531646,5722.219811531646
249,-5722.219811531646,5722.219811531646
250,-5722.219811531646,5722.219811531646
251,-5722.219811531646,5722.219811531646
252,-5722.219811531646,5722.219811531646
253,-5722.219811531646,5722.219811531646
254,-5722.219811531646,5722.219811531646
255,-5722.219811531646,5722.219811531646
256,-5722.219811531646,5722.219811531646
257,-5722.219811531646,5722.219811531646
258,-5722.219811531646,5722.219811531646
259,-5722.219811531646,5722.219811531646
260,-5722.219811531646,5722.219811531646
261,-5722.219811531646,5722.219811531646
262,-5722.219811531646,5722.219811531646
263,-5722.219811531646,5722.219811531646
264,-5722.219811531646,5722.219811531646
265,-5722.219811531646,5722.219811531646
266,-5722.219811531646,5722.219811531646
267,-5722.219811531646,5722.219811531646
268,-5722.219811531646,5722.219811531646
269,-5722.219811531646,5722.219811531646
270,-5722.219811531646,5722.219811531646
271,-5722.219811531646,5722.219811531646
272,-5722.219811531646,5722.219811531646
273,-5722.219811531646,5722.219811531646
274,-5722.219811531646,5722.219811531646
275,-5722.219811531646,5722.219811531646
276,-5722.219811531646,5722.219811531646
277,-5722.219811531646,5722.219811531646
278,-5722.219811531646,5722.219811531646
279,-5722.219811531646,5722.219811531646
280,-5722.219811531646,5722.219811531646
281,-5722.219811531646,5722.219811531646
282,-5722.219811531646,5722.219811531646
283,-5722.219811531646,5722.219811531646
284,-5722.219811531646,5722.219811531646
285,-5722.219811531646,5722.219811531646
286,-5722.219811531646,5722.219811531646
287,-5722.219811531646,5722.219811531646
288,-5722.219811531646,5722.219811531646
289,-5722.219811531646,5722.219811531646
290,-5722.219811531646,5722.219811531646
291,-5722.219811531646,5722.219811531646
292,-5722.219811531646,5722.219811531646
293,-5722.219811531646,5722.219811531646
294,-5722.219811531646,5722.219811531646
295,-5722.219811531646,5722.219811531646
296,-5722.219811531646,5722.219811531646
297,-5722.219811531646,5722.219811531646
298,-5722.219811531646,5722.219811531646
299,-5722.219811531646,5722.219811531646
300,-5722.219811531646,5722.219811531646
301,-5722.219811531646,5722.219811531646
302,-5722.219811531646,5722.219811531646
303,-5722.219811531646,5722.219811531646
304,-5722.219811531646,5722.219811531646
305,-5722.219811531646,5722.219811531646
306,-5722.219811531646,5722.219811531646
307,-5722.219811531646,5722.219811531646
308,-5722.219811531646,5722.219811531646
309,-5722.219811531646,5722.219811531646
310,-5722.219811531646,5722.219811531646
311,-5722.219811531646,5722.219811531646
312,-5722.219811531646,5722.219811531646
313,-5722.219811531646,5722.219811531646
314,-5722.219811531646,5722.219811531646
315,-5722.219811531646,5722.219811531646
316,-5722.219811531646,5722.219811531646
317,-5722.219811531646,5722.219811531646
318,-5722.219811531646,5722.219811531646
319,-5722.219811531646,5722.219811531646
320,-5722.219811531646,5722.219811531646
321,-5722.219811531646,5722.219811531646
322,-5722.219811531646,5722.219811531646
323,-5722.219811531646,5722.219811531646
324,-5722.219811531646,5722.219811531646
325,-5722.219811531646,5722.219811531646
326,-5722.219811531646,5722.219811531646
327,-5722.219811531646,5722.219811531646
328,-5722.219811531646,5722.219811531646
329,-5722.219811531646,5722.219811531646
330,-5722.219811531646,5722.219811531646
331,-5722.219811531646,5722.219811531646
332,-5722.219811531646,5722.219811531646
333,-5722.219811531646,5722.219811531646
334,-5722.219811531646,5722.219811531646
335,-5722.219811531646,5722.219811531646
336,-5722.219811531646,5722.219811531646
337,-5722.219811531646,5722.219811531646
338,-5722.219811531646,5722.219811531646
339,-5722.219811531646,5722.219811531646
340,-5722.219811531646,5722.219811531646
341,-5722.219811531646,5722.219811531646
342,-5722.219811531646,5722.219811531646
343,-5722.219811531646,5722.219811531646
344,-5722.219811531646,5722.219811531646
345,-5722.219811531646,5722.219811531646
346,-5722.219811531646,5722.219811531646
347,-5722.219811531646,5722.219811531646
348,-5722.219811531646,5722.219811531646
349,-5722.219811531646,5722.219811531646
350,-5722.219811531646,5722.219811531646
351,-5722.219811531646,5722.219811531646
352,-5722.219811531646,5722.219811531646
353,-5722.219811531646,5722.219811531646
354,-5722.219811531646,5722.219811531646
355,-5722.219811531646,5722.219811531646
356,-5722.219811531646,5722.219811531646
357,-5722.219811531646,5722.219811531646
358,-5722.219811531646,5722.219811531646
359,-5722.219811531646,5722.219811531646
360,-5722.219811531646,5722.219811531646
361,-5722.219811531646,5722.219811531646
362,-5722.219811531646,5722.219811531646
363,-5722.219811531646,5722.219811531646
364,-5722.219811531646,5722.219811531646
365,-5722.219811531646,5722.219811531646
366,-5722.219811531646,5722.219811531646
367,-5722.219811531646,5722.219811531646
368,-5722.219811531646,5722.219811531646
369,-5722.219811531646,5722.219811531646
370,-5722.219811531646,5722.219811531646
371,-5722.219811531646,5722.219811531646
372,-5722.219811531646,5722.219811531646
373,-5722.219811531646,5722.219811531646
374,-5722.219811531646,5722.219811531646
375,-5722.219811531646,5722.219811531646
376,-5722.219811531646,5722.219811531646
377,-5722.219811531646,5722.219811531646
378,-5722.219811531646,5722.219811531646
379,-5722.219811531646,5722.219811531646
380,-5722.219811531646,5722.219811531646
381,-5722.219811531646,5722.219811531646
382,-5722.219811531646,5722.219811531646
383,-5722.219811531646,5722.219811531646
384,-5722.219811531646,5722.219811531646
385,-5722.219811531646,5722.219811531646
386,-5722.219811531646,5722.219811531646
387,-5722.219811531646,5722.219811531646
388,-5722.219811531646,5722.219811531646
389,-5722.219811531646,5722.219811531646
390,-5722.219811531646,5722.219811531646
391,-5722.219811531646,5722.219811531646
392,-5722.219811531646,5722.219811531646
393,-5722.219811531646,5722.219811531646
394,-5722.219811531646,5722.219811531646
395,-5722.219811531646,5722.219811531646
396,-5722.219811531646,5722.219811531646
397,-5722.219811531646,5722.219811531646
398,-5722.219811531646,5722.219811531646
399,-5722.219811531646,5722.219811531646
400,-5722.219811531646,5722.219811531646
401,-5722.219811531646,5722.219811531646
402,-5722.219811531646,5722.219811531646
403,-5722.219811531646,5722.219811531646
404,-5722.219811531646,5722.219811531646
405,-5722.219811531646,5722.219811531646
406,-5722.219811531646,5722.219811531646
407,-5722.219811531646,5722.219811531646
408,-5722.219811531646,5722.219811531646
409,-5722.219811531646,5722.219811531646
410,-5722.219811531646,5722.219811531646
411,-5722.219811531646,5722.219811531646
412,-5722.219811531646,5722.219811531646
413,-5722.219811531646,5722.219811531646
414,-5722.219811531646,5722.219811531646
415,-5722.219811531646,5722.219811531646
416,-5722.219811531646,5722.219811531646
417,-5722.219811531646,5722.219811531646
418,-5722.219811531646,5722.219811531646
419,-5722.219811531646,5722.219811531646
420,-5722.219811531646,5722.219811531646
421,-5722.219811531646,5722.219811531646
422,-5722.219811531646,5722.219811531646
423,-5722.219811531646,5722.219811531646
424,-5722.219811531646,5722.219811531646
425,-5722.219811531646,5722.219811531646
426,-5722.219811531646,5722.219811531646
427,-5722.219811531646,5722.219811531646
428,-5722.219811531646,5722.219811531646
429,-5722.219811531646,5722.219811531646
430,-5722.219811531646,5722.219811531646
431,-5722.219811531646,5722.219811531646
432,-5722.219811531646,5722.219811531646
433,-5722.219811531646,5722.219811531646
434,-5722.219811531646,5722.219811531646
435,-5722.219811531646,5722.219811531646
436,-5722.219811531646,5722.219811531646
437,-5722.219811531646,5722.219811531646
438,-5722.219811531646,5722.219811531646
439,-5722.219811531646,5722.219811531646
440,-5722.219811531646,5722.219811531646
441,-5722.219811531646,5722.219811531646
442,-5722.219811531646,5722.219811531646
443,-5722.219811531646,5722.219811531646
444,-5722.219811531646,5722.219811531646
445,-5722.219811531646,5722.219811531646
446,-5722.219811531646,5722.219811531646
447,-5722.219811531646,5722.219811531646
448,-5722.219811531646,5722.219811531646
449,-5722.219811531646,5722.219811531646
450,-5722.219811531646,5722.219811531646
451,-5722.219811531646,5722.219811531646
452,-5722.219811531646,5722.219811531646
453,-5722.219811531646,5722.219811531646
454,-5722.219811531646,5722.219811531646
455,-5722.219811531646,5722.219811531646
456,-5722.219811531646,5722.219811531646
457,-5722.219811531646,5722.219811531646
458,-5722.219811531646,5722.219811531646
459,-5722.219811531646,5722.219811531646
460,-5722.219811531646,5722.219811531646
461,-5722.219811531646,5722.219811531646
462,-5722.219811531646,5722.219811531646
463,-5722.219811531646,5722.219811531646
464,-5722.219811531646,5722.219811531646
465,-5722.219811531646,5722.219811531646
466,-5722.219811531646,5722.219811531646
467,-5722.219811531646,5722.219811531646
468,-5722.219811531646,5722.219811531646
469,-5722.219811531646,5722.219811531646
470,-5722.219811531646,5722.219811531646
471,-5722.219811531646,5722.219811531646
472,-5722.219811531646,5722.219811531646
473,-5722.219811531646,5722.219811531646
474,-5722.219811531646,5722.219811531646
475,-5722.219811531646,5722.219811531646
476,-5722.219811531646,5722.219811531646
477,-5722.219811531646,5722.219811531646
478,-5722.219811531646,5722.219811531646
479,-5722.219811531646,5722.219811531646
480,-5722.219811531646,5722.219811531646
481,-5722.219811531646,5722.219811531646
482,-5722.219811531646,5722.219811531646
483,-5722.219811531646,5722.219811531646
484,-5722.219811531646,5722.219811531646
485,-5722.219811531646,5722.219811531646
486,-5722.219811531646,5722.219811531646
487,-5722.219811531646,5722.219811531646
488,-5722.219811531646,5722.219811531646
489,-5722.219811531646,5722.219811531646
490,-5722.219811531646,5722.219811531646
491,-5722.219811531646,5722.219811531646
492,-5722.219811531646,5722.219811531646
493,-5722.219811531646,5722.219811531646
494,-5722.219811531646,5722.219811531646
495,-5722.219811531646,5722.219811531646
496,-5722.219811531646,5722.219811531646
497,-5722.219811531646,5722.219811531646
498,-5722.219811531646,5722.219811531646
499,-5722.219811531646,5722.219811531646
500,-5722.219811531646,5722.219811531646
501,-5722.219811531646,5722.219811531646
502,-5722.219811531646,5722.219811531646
503,-5722.219811531646,5722.219811531646
504,-5722.219811531646,5722.219811531646
505,-5722.219811531646,5722.219811531646
506,-5722.219811531646,5722.219811531646
507,-5722.219811531646,5722.219811531646
508,-5722.219811531646,5722.219811531646
509,-5722.219811531646,5722.219811531646
510,-5722.219811531646,5722.219811531646
511,-5722.219811531646,5722.219811531646
512,-5722.219811531646,5722.219811531646
513,-5722.219811531646,5722.219811531646
514,-5722.219811531646,5722.219811531646
515,-5722.219811531646,5722.219811531646
516,-5722.219811531646,5722.219811531646
517,-5722.219811531646,5722.219811531646
518,-5722.219811531646,5722.219811531646
519,-5722.219811531646,5722.219811531646
520,-5722.219811531646,5722.219811531646
521,-5722.219811531646,5722.219811531646
522,-5722.219811531646,5722.219811531646
523,-5722.219811531646,5722.219811531646
524,-5722.219811531646,5722.219811531646
525,-5722.219811531646,5722.219811531646
526,-5722.219811531646,5722.219811531646
527,-5722.219811531646,5722.219811531646
528,-5722.219811531646,5722.219811531646
529,-5722.219811531646,5722.219811531646
530,-5722.219811531646,5722.219811531646
531,-5722.219811531646,5722.219811531646
532,-5722.219811531646,5722.219811531646
533,-5722.219811531646,5722.219811531646
534,-5722.219811531646,5722.219811531646
535,-5722.219811531646,5722.219811531646
536,-5722.219811531646,5722.219811531646
537,-5722.219811531646,5722.219811531646
538,-5722.219811531646,5722.219811531646
539,-5722.219811531646,5722.219811531646
540,-5722.219811531646,5722.219811531646
541,-5722.219811531646,5722.219811531646
542,-5722.219811531646,5722.219811531646
543,-5722.219811531646,5722.219811531646
544,-5722.219811531646,5722.219811531646
545,-5722.219811531646,5722.219811531646
546,-5722.219811531646,5722.219811531646
547,-5722.219811531646,5722.219811531646
548,-5722.219811531646,5722.219811531646
549,-5722.219811531646,5722.219811531646
550,-5722.219811531646,5722.219811531646
551,-5722.219811531646,5722.219811531646
552,-5722.219811531646,5722.219811531646
553,-5722.219811531646,5722.219811531646
554,-5722.219811531646,5722.219811531646
555,-5722.219811531646,5722.219811531646
556,-5722.219811531646,5722.219811531646
557,-5722.219811531646,5722.219811531646
558,-5722.219811531646,5722.219811531646
559,-5722.219811531646,5722.219811531646
560,-5722.219811531646,5722.219811531646
561,-5722.219811531646,5722.219811531646
562,-5722.219811531646,5722.219811531646
563,-5722.219811531646,5722.219811531646
564,-5722.219811531646,5722.219811531646
565,-5722.219811531646,5722.219811531646
566,-5722.219811531646,5722.219811531646
567,-5722.219811531646,5722.219811531646
568,-5722.219811531646,5722.219811531646
569,-5722.219811531646,5722.219811531646
570,-5722.219811531646,5722.219811531646
571,-5722.219811531646,5722.219811531646
572,-5722.219811531646,5722.219811531646
573,-5722.219811531646,5722.219811531646
574,-5722.219811531646,5722.219811531646
575,-5722.219811531646,5722.219811531646
576,-5722.219811531646,5722.219811531646
577,-5722.219811531646,5722.219811531646
578,-5722.219811531646,5722.219811531646
579,-5722.219811531646,5722.219811531646
580,-5722.219811531646,5722.219811531646
581,-5722.219811531646,5722.219811531646
582,-5722.219811531646,5722.219811531646
583,-5722.219811531646,5722.219811531646
584,-5722.219811531646,5722.219811531646
585,-5722.219811531646,5722.219811531646
586,-5722.219811531646,5722.219811531646
587,-5722.219811531646,5722.219811531646
588,-5722.219811531646,5722.219811531646
589,-5722.219811531646,5722.219811531646
590,-5722.219811531646,5722.219811531646
591,-5722.219811531646,5722.219811531646
592,-5722.219811531646,5722.219811531646
593,-5722.219811531646,5722.219811531646
594,-5722.219811531646,5722.219811531646
595,-5722.219811531646,5722.219811531646
596,-5722.219811531646,5722.219811531646
597,-5722.219811531646,5722.219811531646
598,-5722.219811531646,5722.219811531646
599,-5722.219811531646,5722.219811531646
600,-5722.219811531646,5722.219811531646
601,-5722.219811531646,5722.219811531646
602,-5722.219811531646,5722.219811531646
603,-5722.219811531646,5722.219811531646
604,-5722.219811531646,5722.219811531646
605,-5722.219811531646,5722.219811531646
606,-5722.219811531646,5722.219811531646
607,-5722.219811531646,5722.219811531646
608,-5722.219811531646,5722.219811531646
609,-5722.219811531646,5722.219811531646
610,-5722.219811531646,5722.219811531646
611,-5722.219811531646,5722.219811531646
612,-5722.219811531646,5722.219811531646
613,-5722.219811531646,5722.219811531646
614,-5722.219811531646,5722.219811531646
615,-5722.219811531646,5722.219811531646
616,-5722.219811531646,5722.219811531646
617,-5722.219811531646,5722.219811531646
618,-5722.219811531646,5722.219811531646
619,-5722.219811531646,5722.219811531646
620,-5722.219811531646,5722.219811531646
621,-5722.219811531646,5722.219811531646
622,-5722.219811531646,5722.219811531646
623,-5722.219811531646,5722.219811531646
624,-5722.219811531646,5722.219811531646
625,-5722.219811531646,5722.219811531646
626,-5722.219811531646,5722.219811531646
627,-5722.219811531646,5722.219811531646
628,-5722.219811531646,5722.219811531646
629,-5722.219811531646,5722.219811531646
630,-5722.219811531646,5722.219811531646
631,-5722.219811531646,5722.219811531646
632,-5722.219811531646,5722.219811531646
633,-5722.219811531646,5722.219811531646
634,-5722.219811531646,5722.219811531646
635,-5722.219811531646,5722.219811531646
636,-5722.219811531646,5722.219811531646
637,-5722.219811531646,5722.219811531646
638,-5722.219811531646,5722.219811531646
639,-5722.219811531646,5722.219811531646
640,-5722.219811531646,5722.219811531646
641,-5722.219811531646,5722.219811531646
642,-5722.219811531646,5722.219811531646
643,-5722.219811531646,5722.219811531646
644,-5722.219811531646,5722.219811531646
645,-5722.219811531646,5722.219811531646
646,-5722.219811531646,5722.219811531646
647,-5722.219811531646,5722.219811531646
648,-5722.219811531646,5722.219811531646
649,-5722.219811531646,5722.219811531646
650,-5722.219811531646,5722.219811531646
651,-5722.219811531646,5722.219811531646
652,-5722.219811531646,5722.219811531646
653,-5722.219811531646,5722.219811531646
654,-5722.219811531646,5722.219811531646
655,-5722.219811531646,5722.219811531646
656,-5722.219811531646,5722.219811531646
657,-5722.219811531646,5722.219811531646
658,-5722.219811531646,5722.219811531646
659,-5722.219811531646,5722.219811531646
660,-5722.219811531646,5722.219811531646
661,-5722.219811531646,5722.219811531646
662,-5722.219811531646,5722.219811531646
663,-5722.219811531646,5722.219811531646
664,-5722.219811531646,5722.219811531646
665,-5722.219811531646,5722.219811531646
666,-5722.219811531646,5722.219811531646
667,-5722.219811531646,5722.219811531646
668,-5722.219811531646,5722.219811531646
669,-5722.219811531646,5722.219811531646
670,-5722.219811531646,5722.219811531646
671,-5722.219811531646,5722.219811531646
672,-5722.219811531646,5722.219811531646
673,-5722.219811531646,5722.219811531646
674,-5722.219811531646,5722.219811531646
675,-5722.219811531646,5722.219811531646
676,-5722.219811531646,5722.219811531646
677,-5722.219811531646,5722.219811531646
678,-5722.219811531646,5722.219811531646
679,-5722.219811531646,5722.219811531646
680,-5722.219811531646,5722.219811531646
681,-5722.219811531646,5722.219811531646
682,-5722.219811531646,5722.219811531646
683,-5722.219811531646,5722.219811531646
684,-5722.219811531646,5722.219811531646
685,-5722.219811531646,5722.219811531646
686,-5722.219811531646,5722.219811531646
687,-5722.219811531646,5722.219811531646
688,-5722.219811531646,5722.219811531646
689,-5722.219811531646,5722.219811531646
690,-5722.219811531646,5722.219811531646
691,-5722.219811531646,5722.219811531646
692,-5722.219811531646,5722.219811531646
693,-5722.219811531646,5722.219811531646
694,-5722.219811531646,5722.219811531646
695,-5722.219811531646,5722.219811531646
696,-5722.219811531646,5722.219811531646
697,-5722.219811531646,5722.219811531646
698,-5722.219811531646,5722.219811531646
699,-5722.219811531646,5722.219811531646
700,-5722.219811531646,5722.219811531646
701,-5722.219811531646,5722.219811531646
702,-5722.219811531646,5722.219811531646
703,-5722.219811531646,5722.219811531646
704,-5722.219811531646,5722.219811531646
705,-5722.219811531646,5722.219811531646
706,-5722.219811531646,5722.219811531646
707,-5722.219811531646,5722.219811531646
708,-5722.219811531646,5722.219811531646
709,-5722.219811531646,5722.219811531646
710,-5722.219811531646,5722.219811531646
711,-5722.219811531646,5722.219811531646
712,-5722.219811531646,5722.219811531646
713,-5722.219811531646,5722.219811531646
714,-5722.219811531646,5722.219811531646
715,-5722.219811531646,5722.219811531646
716,-5722.219811531646,5722.219811531646
717,-5722.219811531646,5722.219811531646
718,-5722.219811531646,5722.219811531646
719,-5722.219811531646,5722.219811531646
720,-5722.219811531646,5722.219811531646
721,-5722.219811531646,5722.219811531646
722,-5722.219811531646,5722.219811531646
723,-5722.219811531646,5722.219811531646
724,-5722.219811531646,5722.219811531646
725,-5722.219811531646,5722.219811531646
726,-5722.219811531646,5722.219811531646
727,-5722.219811531646,5722.219811531646
728,-5722.219811531646,5722.219811531646
729,-5722.219811531646,5722.219811531646
730,-5722.219811531646,5722.219811531646
731,-5722.219811531646,5722.219811531646
732,-5722.219811531646,5722.219811531646
733,-5722.219811531646,5722.219811531646
734,-5722.219811531646,5722.219811531646
735,-5722.219811531646,5722.219811531646
736,-5722.219811531646,5722.219811531646
737,-5722.219811531646,5722.219811531646
738,-5722.219811531646,5722.219811531646
739,-5722.219811531646,5722.219811531646
740,-5722.219811531646,5722.219811531646
741,-5722.219811531646,5722.219811531646
742,-5722.219811531646,5722.219811531646
743,-5722.219811531646,5722.219811531646
744,-5722.219811531646,5722.219811531646
745,-5722.219811531646,5722.219811531646
746,-5722.219811531646,5722.219811531646
747,-5722.219811531646,5722.219811531646
748,-5722.219811531646,5722.219811531646
749,-5722.219811531646,5722.219811531646
750,-5722.219811531646,5722.219811531646
751,-5722.219811531646,5722.219811531646
752,-5722.219811531646,5722.219811531646
753,-5722.219811531646,5722.219811531646
754,-5722.219811531646,5722.219811531646
755,-5722.219811531646,5722.219811531646
756,-5722.219811531646,5722.219811531646
757,-5722.219811531646,5722.219811531646
758,-5722.219811531646,5722.219811531646
759,-5722.219811531646,5722.219811531646
760,-5722.219811531646,5722.219811531646
761,-5722.219811531646,5722.219811531646
762,-5722.219811531646,5722.219811531646
763,-5722.219811531646,5722.219811531646
764,-5722.219811531646,5722.219811531646
765,-5722.219811531646,5722.219811531646
766,-5722.219811531646,5722.219811531646
767,-5722.219811531646,5722.219811531646
768,-5722.219811531646,5722.219811531646
769,-5722.219811531646,5722.219811531646
770,-5722.219811531646,5722.219811531646
771,-5722.219811531646,5722.219811531646
772,-5722.219811531646,5722.219811531646
773,-5722.219811531646,5722.219811531646
774,-5722.219811531646,5722.219811531646
775,-5722.219811531646,5722.219811531646
776,-5722.219811531646,5722.219811531646
777,-5722.219811531646,5722.219811531646
778,-5722.219811531646,5722.219811531646
779,-5722.219811531646,5722.219811531646
780,-5722.219811531646,5722.219811531646
781,-5722.219811531646,5722.219811531646
782,-5722.219811531646,5722.219811531646
783,-5722.219811531646,5722.219811531646
784,-5722.219811531646,5722.219811531646
785,-5722.219811531646,5722.219811531646
786,-5722.219811531646,5722.219811531646
787,-5722.219811531646,5722.219811531646
788,-5722.219811531646,5722.219811531646
789,-5722.219811531646,5722.219811531646
790,-5722.219811531646,5722.219811531646
791,-5722.219811531646,5722.219811531646
792,-5722.219811531646,5722.219811531646
793,-5722.219811531646,5722.219811531646
794,-5722.219811531646,5722.219811531646
795,-5722.219811531646,5722.219811531646
796,-5722.219811531646,5722.219811531646
797,-5722.219811531646,5722.219811531646
798,-5722.219811531646,5722.219811531646
799,-5722.219811531646,5722.219811531646
800,-5722.219811531646,5722.219811531646
801,-5722.219811531646,5722.219811531646
802,-5722.219811531646,5722.219811531646
803,-5722.219811531646,5722.219811531646
804,-5722.219811531646,5722.219811531646
805,-5722.219811531646,5722.219811531646
806,-5722.219811531646,5722.219811531646
807,-5722.219811531646,5722.219811531646
808,-5722.219811531646,5722.219811531646
809,-5722.219811531646,5722.219811531646
810,-5722.219811531646,5722.219811531646
811,-5722.219811531646,5722.219811531646
812,-5722.219811531646,5722.219811531646
813,-5722.219811531646,5722.219811531646
814,-5722.219811531646,5722.219811531646
815,-5722.219811531646,5722.219811531646
816,-5722.219811531646,5722.219811531646
817,-5722.219811531646,5722.219811531646
818,-5722.219811531646,5722.219811531646
819,-5722.219811531646,5722.219811531646
820,-5722.219811531646,5722.219811531646
821,-5722.219811531646,5722.219811531646
822,-5722.219811531646,5722.219811531646
823,-5722.219811531646,5722.219811531646
824,-5722.219811531646,5722.219811531646
825,-5722.219811531646,5722.219811531646
826,-5722.219811531646,5722.219811531646
827,-5722.219811531646,5722.219811531646
828,-5722.219811531646,5722.219811531646
829,-5722.219811531646,5722.219811531646
830,-5722.219811531646,5722.219811531646
831,-5722.219811531646,5722.219811531646
832,-5722.219811531646,5722.219811531646
833,-5722.219811531646,5722.219811531646
834,-5722.219811531646,5722.219811531646
835,-5722.219811531646,5722.219811531646
836,-5722.219811531646,5722.219811531646
837,-5722.219811531646,5722.219811531646
838,-5722.219811531646,5722.219811531646
839,-5722.219811531646,5722.219811531646
840,-5722.219811531646,5722.219811531646
841,-5722.219811531646,5722.219811531646
842,-5722.219811531646,5722.219811531646
843,-5722.219811531646,5722.219811531646
844,-5722.219811531646,5722.219811531646
845,-5722.219811531646,5722.219811531646
846,-5722.219811531646,5722.219811531646
847,-5722.219811531646,5722.219811531646
848,-5722.219811531646,5722.219811531646
849,-5722.219811531646,5722.219811531646
850,-5722.219811531646,5722.219811531646
851,-5722.219811531646,5722.219811531646
852,-5722.219811531646,5722.219811531646
853,-5722.219811531646,5722.219811531646
854,-5722.219811531646,5722.219811531646
855,-5722.219811531646,5722.219811531646
856,-5722.219811531646,5722.219811531646
857,-5722.219811531646,5722.219811531646
858,-5722.219811531646,5722.219811531646
859,-5722.219811531646,5722.219811531646
860,-5722.219811531646,5722.219811531646
861,-5722.219811531646,5722.219811531646
862,-5722.219811531646,5722.219811531646
863,-5722.219811531646,5722.219811531646
864,-5722.219811531646,5722.219811531646
865,-5722.219811531646,5722.219811531646
866,-5722.219811531646,5722.219811531646
867,-5722.219811531646,5722.219811531646
868,-5722.219811531646,5722.219811531646
869,-5722.219811531646,5722.219811531646
870,-5722.219811531646,5722.219811531646
871,-5722.219811531646,5722.219811531646
872,-5722.219811531646,5722.219811531646
873,-5722.219811531646,5722.219811531646
874,-5722.219811531646,5722.219811531646
875,-5722.219811531646,5722.219811531646
876,-5722.219811531646,5722.219811531646
877,-5722.219811531646,5722.219811531646
878,-5722.219811531646,5722.219811531646
879,-5722.219811531646,5722.219811531646
880,-5722.219811531646,5722.219811531646
881,-5722.219811531646,5722.219811531646
882,-5722.219811531646,5722.219811531646
883,-5722.219811531646,5722.219811531646
884,-5722.219811531646,5722.219811531646
885,-5722.219811531646,5722.219811531646
886,-5722.219811531646,5722.219811531646
887,-5722.219811531646,5722.219811531646
888,-5722.219811531646,5722.219811531646
889,-5722.219811531646,5722.219811531646
890,-5722.219811531646,5722.219811531646
891,-5722.219811531646,5722.219811531646
892,-5722.219811531646,5722.219811531646
893,-5722.219811531646,5722.219811531646
894,-5722.219811531646,5722.219811531646
895,-5722.219811531646,5722.219811531646
896,-5722.219811531646,5722.219811531646
897,-5722.219811531646,5722.219811531646
898,-5722.219811531646,5722.219811531646
899,-5722.219811531646,5722.219811531646
900,-5722.219811531646,5722.219811531646
901,-5722.219811531646,5722.219811531646
902,-5722.219811531646,5722.219811531646
903,-5722.219811531646,5722.219811531646
904,-5722.219811531646,5722.219811531646
905,-5722.219811531646,5722.219811531646
906,-5722.219811531646,5722.219811531646
907,-5722.219811531646,5722.219811531646
908,-5722.219811531646,5722.219811531646
909,-5722.219811531646,5722.219811531646
910,-5722.219811531646,5722.219811531646
911,-5722.219811531646,5722.219811531646
912,-5722.219811531646,5722.219811531646
913,-5722.219811531646,5722.219811531646
914,-5722.219811531646,5722.219811531646
915,-5722.219811531646,5722.219811531646
916,-5722.219811531646,5722.219811531646
917,-5722.219811531646,5722.219811531646
918,-5722.219811531646,5722.219811531646
919,-5722.219811531646,5722.219811531646
920,-5722.219811531646,5722.219811531646
921,-5722.219811531646,5722.219811531646
922,-5722.219811531646,5722.219811531646
923,-5722.219811531646,5722.219811531646
924,-5722.219811531646,5722.219811531646
925,-5722.219811531646,5722.219811531646
926,-5722.219811531646,5722.219811531646
927,-5722.219811531646,5722.219811531646
928,-5722.219811531646,5722.219811531646
929,-5722.219811531646,5722.219811531646
930,-5722.219811531646,5722.219811531646
931,-5722.219811531646,5722.219811531646
932,-5722.219811531646,5722.219811531646
933,-5722.219811531646,5722.219811531646
934,-5722.219811531646,5722.219811531646
935,-5722.219811531646,5722.219811531646
936,-5722.219811531646,5722.219811531646
937,-5722.219811531646,5722.219811531646
938,-5722.219811531646,5722.219811531646
939,-5722.219811531646,5722.219811531646
940,-5722.219811531646,5722.219811531646
941,-5722.219811531646,5722.219811531646
942,-5722.219811531646,5722.219811531646
943,-5722.219811531646,5722.219811531646
944,-5722.219811531646,5722.219811531646
945,-5722.219811531646,5722.219811531646
946,-5722.219811531646,5722.219811531646
947,-5722.219811531646,5722.219811531646
948,-5722.219811531646,5722.219811531646
949,-5722.219811531646,5722.219811531646
950,-5722.219811531646,5722.219811531646
951,-5722.219811531646,5722.219811531646
952,-5722.219811531646,5722.219811531646
953,-5722.219811531646,5722.219811531646
954,-5722.219811531646,5722.219811531646
955,-5722.219811531646,5722.219811531646
956,-5722.219811531646,5722.219811531646
957,-5722.219811531646,5722.219811531646
958,-5722.219811531646,5722.219811531646
959,-5722.219811531646,5722.219811531646
960,-5722.219811531646,5722.219811531646
961,-5722.219811531646,5722.219811531646
962,-5722.219811531646,5722.219811531646
963,-5722.219811531646,5722.219811531646
964,-5722.219811531646,5722.219811531646
965,-5722.219811531646,5722.219811531646
966,-5722.219811531646,5722.219811531646
967,-5722.219811531646,5722.219811531646
968,-5722.219811531646,5722.219811531646
969,-5722.219811531646,5722.219811531646
970,-5722.219811531646,5722.219811531646
971,-5722.219811531646,5722.219811531646
972,-5722.219811531646,5722.219811531646
973,-5722.219811531646,5722.219811531646
974,-5722.219811531646,5722.219811531646
975,-5722.219811531646,5722.219811531646
976,-5722.219811531646,5722.219811531646
977,-5722.219811531646,5722.219811531646
978,-5722.219811531646,5722.219811531646
979,-5722.219811531646,5722.219811531646
980,-5722.219811531646,5722.219811531646
981,-5722.219811531646,5722.219811531646
982,-5722.219811531646,5722.219811531646
983,-5722.219811531646,5722.219811531646
984,-5722.219811531646,5722.219811531646
985,-5722.219811531646,5722.219811531646
986,-5722.219811531646,5722.219811531646
987,-5722.219811531646,5722.219811531646
988,-5722.219811531646,5722.219811531646
989,-5722.219811531646,5722.219811531646
990,-5722.219811531646,5722.219811531646
991,-5722.219811531646,5722.219811531646
992,-5722.219811531646,5722.219811531646
993,-5722.219811531646,5722.219811531646
994,-5722.219811531646,5722.219811531646
995,-5722.219811531646,5722.219811531646
996,-5722.219811531646,5722.219811531646
997,-5722.219811531646,5722.219811531646
998,-5722.219811531646,5722.219811531646
999,-5722.219811531646,5722.219811531646
1000,-5722.219811531646,5722.219811531646
1001,-5722.219811531646,5722.219811531646
1002,-5722.219811531646,5722.219811531646
1003,-5722.219811531646,5722.219811531646
1004,-5722.219811531646,5722.219811531646
1005,-5722.219811531646,5722.219811531646
1006,-5722.219811531646,5722.219811531646
1007,-5722.219811531646,5722.219811531646
1008,-5722.219811531646,5722.219811531646
1009,-5722.219811531646,5722.219811531646
1010,-5722.219811531646,5722.219811531646
1011,-5722.219811531646,5722.219811531646
1012,-5722.219811531646,5722.219811531646
1013,-5722.219811531646,5722.219811531646
1014,-5722.219811531646,5722.219811531646
1015,-5722.219811531646,5722.219811531646
1016,-5722.219811531646,5722.219811531646
1017,-5722.219811531646,5722.219811531646
1018,-5722.219811531646,5722.219811531646
1019,-5722.219811531646,5722.219811531646
1020,-5722.219811531646,5722.219811531646
1021,-5722.219811531646,5722.219811531646
1022,-5722.219811531646,5722.219811531646
1023,-5722.219811531646,5722.219811531646
1024,-5722.219811531646,5722.219811531646
1025,-5722.219811531646,5722.219811531646
1026,-5722.219811531646,5722.219811531646
1027,-5722.219811531646,5722.219811531646
1028,-5722.219811531646,5722.219811531646
1029,-5722.219811531646,5722.219811531646
1030,-5722.219811531646,5722.219811531646
1031,-5722.219811531646,5722.219811531646
1032,-5722.219811531646,5722.219811531646
1033,-5722.219811531646,5722.219811531646
1034,-5722.219811531646,5722.219811531646
1035,-5722.219811531646,5722.219811531646
1036,-5722.219811531646,5722.219811531646
1037,-5722.219811531646,5722.219811531646
1038,-5722.219811531646,5722.219811531646
1039,-5722.219811531646,5722.219811531646
1040,-5722.219811531646,5722.219811531646
1041,-5722.219811531646,5722.219811531646
1042,-5722.219811531646,5722.219811531646
1043,-5722.219811531646,5722.219811531646
1044,-5722.219811531646,5722.219811531646
1045,-5722.219811531646,5722.219811531646
1046,-5722.219811531646,5722.219811531646
1047,-5722.219811531646,5722.219811531646
1048,-5722.219811531646,5722.219811531646
1049,-5722.219811531646,5722.219811531646
1050,-5722.219811531646,5722.219811531646
1051,-5722.219811531646,5722.219811531646
1052,-5722.219811531646,5722.219811531646
1053,-5722.219811531646,5722.219811531646
1054,-5722.219811531646,5722.219811531646
1055,-5722.219811531646,5722.219811531646
1056,-5722.219811531646,5722.219811531646
1057,-5722.219811531646,5722.219811531646
1058,-5722.219811531646,5722.219811531646
1059,-5722.219811531646,5722.219811531646
1060,-5722.219811531646,5722.219811531646
1061,-5722.219811531646,5722.219811531646
1062,-5722.219811531646,5722.219811531646
1063,-5722.219811531646,5722.219811531646
1064,-5722.219811531646,5722.219811531646
1065,-5722.219811531646,5722.219811531646
1066,-5722.219811531646,5722.219811531646
1067,-5722.219811531646,5722.219811531646
1068,-5722.219811531646,5722.219811531646
1069,-5722.219811531646,5722.219811531646
1070,-5722.219811531646,5722.219811531646
1071,-5722.219811531646,5722.219811531646
1072,-5722.219811531646,5722.219811531646
1073,-5722.219811531646,5722.219811531646
1074,-5722.219811531646,5722.219811531646
1075,-5722.219811531646,5722.219811531646
1076,-5722.219811531646,5722.219811531646
1077,-5722.219811531646,5722.219811531646
1078,-5722.219811531646,5722.219811531646
1079,-5722.219811531646,5722.219811531646
1080,-5722.219811531646,5722.219811531646
1081,-5722.219811531646,5722.219811531646
1082,-5722.219811531646,5722.219811531646
1083,-5722.219811531646,5722.219811531646
1084,-5722.219811531646,5722.219811531646
1085,-5722.219811531646,5722.219811531646
1086,-5722.219811531646,5722.219811531646
1087,-5722.219811531646,5722.219811531646
1088,-5722.219811531646,5722.219811531646
1089,-5722.219811531646,5722.219811531646
1090,-5722.219811531646,5722.219811531646
